Workbook
Name chart_date: '1-Year'!$K$71:$K$1531
Name chart_values: '1-Year'!$L$71:$L$1531
Name data_labels: Data!$A$1:$G$1
Name holidays: Holidays!$A:$A
Name valuevx: 42.314159

Sheet 4-Year
J1: Calendar Chart
K3: Data Set | AC3: From | AU3: To | BM3: Calendar Start Day
K4: Sample | AC4: 40909 | AU4: 42369 | BM4: Sunday
K5: =MATCH(K4,data_labels,0) -> 2 | BM5: =MATCH(BM4,{"Sunday";"Monday";"Tuesday";"Wednesday";"Thursday";"Friday";"Saturday"},0) -> 1
K7: Summary Stats: | AB7: Max: | AC7: =MAX($K$12:$Q$64,$AC$12:$AI$64,$AU$12:$BA$64,$BM$12:$BS$64) -> 497 | AT7: Min: | AU7: =MIN($K$12:$Q$64,$AC$12:$AI$64,$AU$12:$BA$64,$BM$12:$BS$64) -> 10 | BL7: Median: | BM7: =MEDIAN($K$12:$Q$64,$AC$12:$AI$64,$AU$12:$BA$64,$BM$12:$BS$64) -> 181 | BT7: Avg: | BU7: =AVERAGE($K$12:$Q$64,$AC$12:$AI$64,$AU$12:$BA$64,$BM$12:$BS$64) -> 180.90148
J9: Avg | K9: =IFERROR(AVERAGE(K12:K64),"") -> 29.679245 | L9: =IFERROR(AVERAGE(L12:L64),"") -> 291.39623 | M9: =IFERROR(AVERAGE(M12:M64),"") -> 268.0566 | N9: =IFERROR(AVERAGE(N12:N64),"") -> 231.26415 | O9: =IFERROR(AVERAGE(O12:O64),"") -> 204.07547 | P9: =IFERROR(AVERAGE(P12:P64),"") -> 180.81132 | Q9: =IFERROR(AVERAGE(Q12:Q64),"") -> 59.301887 | AC9: =IFERROR(AVERAGE(AC12:AC64),"") -> 28.339623 | AD9: =IFERROR(AVERAGE(AD12:AD64),"") -> 290.58491 | AE9: =IFERROR(AVERAGE(AE12:AE64),"") -> 255.26415 | AF9: =IFERROR(AVERAGE(AF12:AF64),"") -> 221.84906 | AG9: =IFERROR(AVERAGE(AG12:AG64),"") -> 195.50943 | AH9: =IFERROR(AVERAGE(AH12:AH64),"") -> 176.88679 | AI9: =IFERROR(AVERAGE(AI12:AI64),"") -> 59.698113 | AU9: =IFERROR(AVERAGE(AU12:AU64),"") -> 28.716981 | AV9: =IFERROR(AVERAGE(AV12:AV64),"") -> 294.24528 | AW9: =IFERROR(AVERAGE(AW12:AW64),"") -> 273.98113 | AX9: =IFERROR(AVERAGE(AX12:AX64),"") -> 237.45283 | AY9: =IFERROR(AVERAGE(AY12:AY64),"") -> 206.66038 | AZ9: =IFERROR(AVERAGE(AZ12:AZ64),"") -> 183.01887 | BA9: =IFERROR(AVERAGE(BA12:BA64),"") -> 58.716981 | BM9: =IFERROR(AVERAGE(BM12:BM64),"") -> 29.09434 | BN9: =IFERROR(AVERAGE(BN12:BN64),"") -> 308.66038 | BO9: =IFERROR(AVERAGE(BO12:BO64),"") -> 267.24528 | BP9: =IFERROR(AVERAGE(BP12:BP64),"") -> 238.37736 | BQ9: =IFERROR(AVERAGE(BQ12:BQ64),"") -> 201.54717 | BR9: =IFERROR(AVERAGE(BR12:BR64),"") -> 180.23077 | BS9: =IFERROR(AVERAGE(BS12:BS64),"") -> 62.326923 | BW9: Note: The values you choose for missing data affect averages.
B10: =IF(MONTH(H13)=1,YEAR(H13),YEAR(B12)&"-"&YEAR(H60)) -> 2012 | K10: =B10 -> 2012 | T10: =IF(MONTH(Z13)=1,YEAR(Z13),YEAR(T12)&"-"&YEAR(Z60)) -> 2013 | AC10: =T10 -> 2013 | AL10: =IF(MONTH(AR13)=1,YEAR(AR13),YEAR(AL12)&"-"&YEAR(AR60)) -> 2014 | AU10: =AL10 -> 2014 | BD10: =IF(MONTH(BJ13)=1,YEAR(BJ13),YEAR(BD12)&"-"&YEAR(BJ60)) -> 2015 | BM10: =BD10 -> 2015
B11: =CHOOSE(WEEKDAY(B12,1),"Su","M","Tu","W","Th","F","Sa") -> Su | C11: =CHOOSE(WEEKDAY(C12,1),"Su","M","Tu","W","Th","F","Sa") -> M | D11: =CHOOSE(WEEKDAY(D12,1),"Su","M","Tu","W","Th","F","Sa") -> Tu | E11: =CHOOSE(WEEKDAY(E12,1),"Su","M","Tu","W","Th","F","Sa") -> W | F11: =CHOOSE(WEEKDAY(F12,1),"Su","M","Tu","W","Th","F","Sa") -> Th | G11: =CHOOSE(WEEKDAY(G12,1),"Su","M","Tu","W","Th","F","Sa") -> F | H11: =CHOOSE(WEEKDAY(H12,1),"Su","M","Tu","W","Th","F","Sa") -> Sa | K11: =B11 -> Su | L11: =C11 -> M | M11: =D11 -> Tu | N11: =E11 -> W | O11: =F11 -> Th | P11: =G11 -> F | Q11: =H11 -> Sa | T11: =CHOOSE(WEEKDAY(T12,1),"Su","M","Tu","W","Th","F","Sa") -> Su | U11: =CHOOSE(WEEKDAY(U12,1),"Su","M","Tu","W","Th","F","Sa") -> M | V11: =CHOOSE(WEEKDAY(V12,1),"Su","M","Tu","W","Th","F","Sa") -> Tu | W11: =CHOOSE(WEEKDAY(W12,1),"Su","M","Tu","W","Th","F","Sa") -> W | X11: =CHOOSE(WEEKDAY(X12,1),"Su","M","Tu","W","Th","F","Sa") -> Th | Y11: =CHOOSE(WEEKDAY(Y12,1),"Su","M","Tu","W","Th","F","Sa") -> F | Z11: =CHOOSE(WEEKDAY(Z12,1),"Su","M","Tu","W","Th","F","Sa") -> Sa | AC11: =T11 -> Su | AD11: =U11 -> M | AE11: =V11 -> Tu | AF11: =W11 -> W | AG11: =X11 -> Th | AH11: =Y11 -> F | AI11: =Z11 -> Sa | AL11: =CHOOSE(WEEKDAY(AL12,1),"Su","M","Tu","W","Th","F","Sa") -> Su | AM11: =CHOOSE(WEEKDAY(AM12,1),"Su","M","Tu","W","Th","F","Sa") -> M | AN11: =CHOOSE(WEEKDAY(AN12,1),"Su","M","Tu","W","Th","F","Sa") -> Tu | AO11: =CHOOSE(WEEKDAY(AO12,1),"Su","M","Tu","W","Th","F","Sa") -> W | AP11: =CHOOSE(WEEKDAY(AP12,1),"Su","M","Tu","W","Th","F","Sa") -> Th | AQ11: =CHOOSE(WEEKDAY(AQ12,1),"Su","M","Tu","W","Th","F","Sa") -> F | AR11: =CHOOSE(WEEKDAY(AR12,1),"Su","M","Tu","W","Th","F","Sa") -> Sa | AU11: =AL11 -> Su | AV11: =AM11 -> M | AW11: =AN11 -> Tu | AX11: =AO11 -> W | AY11: =AP11 -> Th | AZ11: =AQ11 -> F | BA11: =AR11 -> Sa | BD11: =CHOOSE(WEEKDAY(BD12,1),"Su","M","Tu","W","Th","F","Sa") -> Su | BE11: =CHOOSE(WEEKDAY(BE12,1),"Su","M","Tu","W","Th","F","Sa") -> M | BF11: =CHOOSE(WEEKDAY(BF12,1),"Su","M","Tu","W","Th","F","Sa") -> Tu | BG11: =CHOOSE(WEEKDAY(BG12,1),"Su","M","Tu","W","Th","F","Sa") -> W | BH11: =CHOOSE(WEEKDAY(BH12,1),"Su","M","Tu","W","Th","F","Sa") -> Th | BI11: =CHOOSE(WEEKDAY(BI12,1),"Su","M","Tu","W","Th","F","Sa") -> F | BJ11: =CHOOSE(WEEKDAY(BJ12,1),"Su","M","Tu","W","Th","F","Sa") -> Sa | BM11: =BD11 -> Su | BN11: =BE11 -> M | BO11: =BF11 -> Tu | BP11: =BG11 -> W | BQ11: =BH11 -> Th | BR11: =BI11 -> F | BS11: =BJ11 -> Sa | BU11: Avg | BW11: Value for Blank Cell: | BX11: 0
B12: =AC4-WEEKDAY(AC4,1)+BM5 -> 40909 | C12: =B12+1 -> 40910 | D12: =C12+1 -> 40911 | E12: =D12+1 -> 40912 | F12: =E12+1 -> 40913 | G12: =F12+1 -> 40914 | H12: =G12+1 -> 40915 | J12: =IF(DAY(B12)=1,"",B12) | K12: =IF(AND(B12>=$AC$4,B12<=$AU$4),IF(""=IFERROR(INDEX(INDIRECT("Data!C"&$K$5,FALSE),MATCH(B12,Data!$A:$A,0)),$BX$12),$BX$11,IFERROR(INDEX(INDIRECT("Data!C"&$K$5,FALSE),MATCH(B12,Data!$A:$A,0)),$BX$12)),"-") -> 19 | L12: =IF(AND(C12>=$AC$4,C12<=$AU$4),IF(""=IFERROR(INDEX(INDIRECT("Data!C"&$K$5,FALSE),MATCH(C12,Data!$A:$A,0)),$BX$12),$BX$11,IFERROR(INDEX(INDIRECT("Data!C"&$K$5,FALSE),MATCH(C12,Data!$A:$A,0)),$BX$12)),"-") -> 298 | M12: =IF(AND(D12>=$AC$4,D12<=$AU$4),IF(""=IFERROR(INDEX(INDIRECT("Data!C"&$K$5,FALSE),MATCH(D12,Data!$A:$A,0)),$BX$12),$BX$11,IFERROR(INDEX(INDIRECT("Data!C"&$K$5,FALSE),MATCH(D12,Data!$A:$A,0)),$BX$12)),"-") -> 176 | N12: =IF(AND(E12>=$AC$4,E12<=$AU$4),IF(""=IFERROR(INDEX(INDIRECT("Data!C"&$K$5,FALSE),MATCH(E12,Data!$A:$A,0)),$BX$12),$BX$11,IFERROR(INDEX(INDIRECT("Data!C"&$K$5,FALSE),MATCH(E12,Data!$A:$A,0)),$BX$12)),"-") -> 113 | O12: =IF(AND(F12>=$AC$4,F12<=$AU$4),IF(""=IFERROR(INDEX(INDIRECT("Data!C"&$K$5,FALSE),MATCH(F12,Data!$A:$A,0)),$BX$12),$BX$11,IFERROR(INDEX(INDIRECT("Data!C"&$K$5,FALSE),MATCH(F12,Data!$A:$A,0)),$BX$12)),"-") -> 217 | P12: =IF(AND(G12>=$AC$4,G12<=$AU$4),IF(""=IFERROR(INDEX(INDIRECT("Data!C"&$K$5,FALSE),MATCH(G12,Data!$A:$A,0)),$BX$12),$BX$11,IFERROR(INDEX(INDIRECT("Data!C"&$K$5,FALSE),MATCH(G12,Data!$A:$A,0)),$BX$12)),"-") -> 185 | Q12: =IF(AND(H12>=$AC$4,H12<=$AU$4),IF(""=IFERROR(INDEX(INDIRECT("Data!C"&$K$5,FALSE),MATCH(H12,Data!$A:$A,0)),$BX$12),$BX$11,IFERROR(INDEX(INDIRECT("Data!C"&$K$5,FALSE),MATCH(H12,Data!$A:$A,0)),$BX$12)),"-") -> 47 | T12: =IF(MONTH(H64)=1,B64,H64+1) -> 41273 | U12: =T12+1 -> 41274 | V12: =U12+1 -> 41275 | W12: =V12+1 -> 41276 | X12: =W12+1 -> 41277 | Y12: =X12+1 -> 41278 | Z12: =Y12+1 -> 41279 | AB12: =IF(DAY(T12)=1,"",T12) -> 41273 | AC12: =IF(AND(T12>=$AC$4,T12<=$AU$4),IF(""=IFERROR(INDEX(INDIRECT("Data!C"&$K$5,FALSE),MATCH(T12,Data!$A:$A,0)),$BX$12),$BX$11,IFERROR(INDEX(INDIRECT("Data!C"&$K$5,FALSE),MATCH(T12,Data!$A:$A,0)),$BX$12)),"-") -> 30 | AD12: =IF(AND(U12>=$AC$4,U12<=$AU$4),IF(""=IFERROR(INDEX(INDIRECT("Data!C"&$K$5,FALSE),MATCH(U12,Data!$A:$A,0)),$BX$12),$BX$11,IFERROR(INDEX(INDIRECT("Data!C"&$K$5,FALSE),MATCH(U12,Data!$A:$A,0)),$BX$12)),"-") -> 123 | AE12: =IF(AND(V12>=$AC$4,V12<=$AU$4),IF(""=IFERROR(INDEX(INDIRECT("Data!C"&$K$5,FALSE),MATCH(V12,Data!$A:$A,0)),$BX$12),$BX$11,IFERROR(INDEX(INDIRECT("Data!C"&$K$5,FALSE),MATCH(V12,Data!$A:$A,0)),$BX$12)),"-") -> 126 | AF12: =IF(AND(W12>=$AC$4,W12<=$AU$4),IF(""=IFERROR(INDEX(INDIRECT("Data!C"&$K$5,FALSE),MATCH(W12,Data!$A:$A,0)),$BX$12),$BX$11,IFERROR(INDEX(INDIRECT("Data!C"&$K$5,FALSE),MATCH(W12,Data!$A:$A,0)),$BX$12)),"-") -> 141 | AG12: =IF(AND(X12>=$AC$4,X12<=$AU$4),IF(""=IFERROR(INDEX(INDIRECT("Data!C"&$K$5,FALSE),MATCH(X12,Data!$A:$A,0)),$BX$12),$BX$11,IFERROR(INDEX(INDIRECT("Data!C"&$K$5,FALSE),MATCH(X12,Data!$A:$A,0)),$BX$12)),"-") -> 86 | AH12: =IF(AND(Y12>=$AC$4,Y12<=$AU$4),IF(""=IFERROR(INDEX(INDIRECT("Data!C"&$K$5,FALSE),MATCH(Y12,Data!$A:$A,0)),$BX$12),$BX$11,IFERROR(INDEX(INDIRECT("Data!C"&$K$5,FALSE),MATCH(Y12,Data!$A:$A,0)),$BX$12)),"-") -> 109 | AI12: =IF(AND(Z12>=$AC$4,Z12<=$AU$4),IF(""=IFERROR(INDEX(INDIRECT("Data!C"&$K$5,FALSE),MATCH(Z12,Data!$A:$A,0)),$BX$12),$BX$11,IFERROR(INDEX(INDIRECT("Data!C"&$K$5,FALSE),MATCH(Z12,Data!$A:$A,0)),$BX$12)),"-") -> 45 | AL12: =IF(MONTH(Z64)=1,T64,Z64+1) -> 41637 | AM12: =AL12+1 -> 41638 | AN12: =AM12+1 -> 41639 | AO12: =AN12+1 -> 41640 | AP12: =AO12+1 -> 41641 | AQ12: =AP12+1 -> 41642 | AR12: =AQ12+1 -> 41643 | AT12: =IF(DAY(AL12)=1,"",AL12) -> 41637 | AU12: =IF(AND(AL12>=$AC$4,AL12<=$AU$4),IF(""=IFERROR(INDEX(INDIRECT("Data!C"&$K$5,FALSE),MATCH(AL12,Data!$A:$A,0)),$BX$12),$BX$11,IFERROR(INDEX(INDIRECT("Data!C"&$K$5,FALSE),MATCH(AL12,Data!$A:$A,0)),$BX$12)),"-") -> 27 | AV12: =IF(AND(AM12>=$AC$4,AM12<=$AU$4),IF(""=IFERROR(INDEX(INDIRECT("Data!C"&$K$5,FALSE),MATCH(AM12,Data!$A:$A,0)),$BX$12),$BX$11,IFERROR(INDEX(INDIRECT("Data!C"&$K$5,FALSE),MATCH(AM12,Data!$A:$A,0)),$BX$12)),"-") -> 249 | AW12: =IF(AND(AN12>=$AC$4,AN12<=$AU$4),IF(""=IFERROR(INDEX(INDIRECT("Data!C"&$K$5,FALSE),MATCH(AN12,Data!$A:$A,0)),$BX$12),$BX$11,IFERROR(INDEX(INDIRECT("Data!C"&$K$5,FALSE),MATCH(AN12,Data!$A:$A,0)),$BX$12)),"-") -> 269 | AX12: =IF(AND(AO12>=$AC$4,AO12<=$AU$4),IF(""=IFERROR(INDEX(INDIRECT("Data!C"&$K$5,FALSE),MATCH(AO12,Data!$A:$A,0)),$BX$12),$BX$11,IFERROR(INDEX(INDIRECT("Data!C"&$K$5,FALSE),MATCH(AO12,Data!$A:$A,0)),$BX$12)),"-") -> 154 | AY12: =IF(AND(AP12>=$AC$4,AP12<=$AU$4),IF(""=IFERROR(INDEX(INDIRECT("Data!C"&$K$5,FALSE),MATCH(AP12,Data!$A:$A,0)),$BX$12),$BX$11,IFERROR(INDEX(INDIRECT("Data!C"&$K$5,FALSE),MATCH(AP12,Data!$A:$A,0)),$BX$12)),"-") -> 123 | AZ12: =IF(AND(AQ12>=$AC$4,AQ12<=$AU$4),IF(""=IFERROR(INDEX(INDIRECT("Data!C"&$K$5,FALSE),MATCH(AQ12,Data!$A:$A,0)),$BX$12),$BX$11,IFERROR(INDEX(INDIRECT("Data!C"&$K$5,FALSE),MATCH(AQ12,Data!$A:$A,0)),$BX$12)),"-") -> 88 | BA12: =IF(AND(AR12>=$AC$4,AR12<=$AU$4),IF(""=IFERROR(INDEX(INDIRECT("Data!C"&$K$5,FALSE),MATCH(AR12,Data!$A:$A,0)),$BX$12),$BX$11,IFERROR(INDEX(INDIRECT("Data!C"&$K$5,FALSE),MATCH(AR12,Data!$A:$A,0)),$BX$12)),"-") -> 20 | BD12: =IF(MONTH(AR64)=1,AL64,AR64+1) -> 42001 | BE12: =BD12+1 -> 42002 | BF12: =BE12+1 -> 42003 | BG12: =BF12+1 -> 42004 | BH12: =BG12+1 -> 42005 | BI12: =BH12+1 -> 42006 | BJ12: =BI12+1 -> 42007 | BL12: =IF(DAY(BD12)=1,"",BD12) -> 42001 | BM12: =IF(AND(BD12>=$AC$4,BD12<=$AU$4),IF(""=IFERROR(INDEX(INDIRECT("Data!C"&$K$5,FALSE),MATCH(BD12,Data!$A:$A,0)),$BX$12),$BX$11,IFERROR(INDEX(INDIRECT("Data!C"&$K$5,FALSE),MATCH(BD12,Data!$A:$A,0)),$BX$12)),"-") -> 28 | BN12: =IF(AND(BE12>=$AC$4,BE12<=$AU$4),IF(""=IFERROR(INDEX(INDIRECT("Data!C"&$K$5,FALSE),MATCH(BE12,Data!$A:$A,0)),$BX$12),$BX$11,IFERROR(INDEX(INDIRECT("Data!C"&$K$5,FALSE),MATCH(BE12,Data!$A:$A,0)),$BX$12)),"-") -> 122 | BO12: =IF(AND(BF12>=$AC$4,BF12<=$AU$4),IF(""=IFERROR(INDEX(INDIRECT("Data!C"&$K$5,FALSE),MATCH(BF12,Data!$A:$A,0)),$BX$12),$BX$11,IFERROR(INDEX(INDIRECT("Data!C"&$K$5,FALSE),MATCH(BF12,Data!$A:$A,0)),$BX$12)),"-") -> 160 | BP12: =IF(AND(BG12>=$AC$4,BG12<=$AU$4),IF(""=IFERROR(INDEX(INDIRECT("Data!C"&$K$5,FALSE),MATCH(BG12,Data!$A:$A,0)),$BX$12),$BX$11,IFERROR(INDEX(INDIRECT("Data!C"&$K$5,FALSE),MATCH(BG12,Data!$A:$A,0)),$BX$12)),"-") -> 122 | BQ12: =IF(AND(BH12>=$AC$4,BH12<=$AU$4),IF(""=IFERROR(INDEX(INDIRECT("Data!C"&$K$5,FALSE),MATCH(BH12,Data!$A:$A,0)),$BX$12),$BX$11,IFERROR(INDEX(INDIRECT("Data!C"&$K$5,FALSE),MATCH(BH12,Data!$A:$A,0)),$BX$12)),"-") -> 187 | BR12: =IF(AND(BI12>=$AC$4,BI12<=$AU$4),IF(""=IFERROR(INDEX(INDIRECT("Data!C"&$K$5,FALSE),MATCH(BI12,Data!$A:$A,0)),$BX$12),$BX$11,IFERROR(INDEX(INDIRECT("Data!C"&$K$5,FALSE),MATCH(BI12,Data!$A:$A,0)),$BX$12)),"-") -> 147 | BS12: =IF(AND(BJ12>=$AC$4,BJ12<=$AU$4),IF(""=IFERROR(INDEX(INDIRECT("Data!C"&$K$5,FALSE),MATCH(BJ12,Data!$A:$A,0)),$BX$12),$BX$11,IFERROR(INDEX(INDIRECT("Data!C"&$K$5,FALSE),MATCH(BJ12,Data!$A:$A,0)),$BX$12)),"-") -> 60 | BU12: =AVERAGE(K12:Q12,AC12:AI12,AU12:BA12,BM12:BS12) -> 123.96429 | BW12: Missing Date or Error: | BX12: -
B13: =B12+7 -> 40916 | C13: =B13+1 -> 40917 | D13: =C13+1 -> 40918 | E13: =D13+1 -> 40919 | F13: =E13+1 -> 40920 | G13: =F13+1 -> 40921 | H13: =G13+1 -> 40922 | J13: {=IFERROR(IF(MATCH(8,DAY(B13:H13),0),H13,""),"")} -> 40922 | K13: =IF(AND(B13>=$AC$4,B13<=$AU$4),IF(""=IFERROR(INDEX(INDIRECT("Data!C"&$K$5,FALSE),MATCH(B13,Data!$A:$A,0)),$BX$12),$BX$11,IFERROR(INDEX(INDIRECT("Data!C"&$K$5,FALSE),MATCH(B13,Data!$A:$A,0)),$BX$12)),"-") -> 29 | L13: =IF(AND(C13>=$AC$4,C13<=$AU$4),IF(""=IFERROR(INDEX(INDIRECT("Data!C"&$K$5,FALSE),MATCH(C13,Data!$A:$A,0)),$BX$12),$BX$11,IFERROR(INDEX(INDIRECT("Data!C"&$K$5,FALSE),MATCH(C13,Data!$A:$A,0)),$BX$12)),"-") -> 225 | M13: =IF(AND(D13>=$AC$4,D13<=$AU$4),IF(""=IFERROR(INDEX(INDIRECT("Data!C"&$K$5,FALSE),MATCH(D13,Data!$A:$A,0)),$BX$12),$BX$11,IFERROR(INDEX(INDIRECT("Data!C"&$K$5,FALSE),MATCH(D13,Data!$A:$A,0)),$BX$12)),"-") -> 220 | N13: =IF(AND(E13>=$AC$4,E13<=$AU$4),IF(""=IFERROR(INDEX(INDIRECT("Data!C"&$K$5,FALSE),MATCH(E13,Data!$A:$A,0)),$BX$12),$BX$11,IFERROR(INDEX(INDIRECT("Data!C"&$K$5,FALSE),MATCH(E13,Data!$A:$A,0)),$BX$12)),"-") -> 199 | O13: =IF(AND(F13>=$AC$4,F13<=$AU$4),IF(""=IFERROR(INDEX(INDIRECT("Data!C"&$K$5,FALSE),MATCH(F13,Data!$A:$A,0)),$BX$12),$BX$11,IFERROR(INDEX(INDIRECT("Data!C"&$K$5,FALSE),MATCH(F13,Data!$A:$A,0)),$BX$12)),"-") -> 102 | P13: =IF(AND(G13>=$AC$4,G13<=$AU$4),IF(""=IFERROR(INDEX(INDIRECT("Data!C"&$K$5,FALSE),MATCH(G13,Data!$A:$A,0)),$BX$12),$BX$11,IFERROR(INDEX(INDIRECT("Data!C"&$K$5,FALSE),MATCH(G13,Data!$A:$A,0)),$BX$12)),"-") -> 164 | Q13: =IF(AND(H13>=$AC$4,H13<=$AU$4),IF(""=IFERROR(INDEX(INDIRECT("Data!C"&$K$5,FALSE),MATCH(H13,Data!$A:$A,0)),$BX$12),$BX$11,IFERROR(INDEX(INDIRECT("Data!C"&$K$5,FALSE),MATCH(H13,Data!$A:$A,0)),$BX$12)),"-") -> 34 | T13: =T12+7 -> 41280 | U13: =T13+1 -> 41281 | V13: =U13+1 -> 41282 | W13: =V13+1 -> 41283 | X13: =W13+1 -> 41284 | Y13: =X13+1 -> 41285 | Z13: =Y13+1 -> 41286 | AB13: {=IFERROR(IF(MATCH(8,DAY(T13:Z13),0),Z13,""),"")} -> 41286 | AC13: =IF(AND(T13>=$AC$4,T13<=$AU$4),IF(""=IFERROR(INDEX(INDIRECT("Data!C"&$K$5,FALSE),MATCH(T13,Data!$A:$A,0)),$BX$12),$BX$11,IFERROR(INDEX(INDIRECT("Data!C"&$K$5,FALSE),MATCH(T13,Data!$A:$A,0)),$BX$12)),"-") -> 11 | AD13: =IF(AND(U13>=$AC$4,U13<=$AU$4),IF(""=IFERROR(INDEX(INDIRECT("Data!C"&$K$5,FALSE),MATCH(U13,Data!$A:$A,0)),$BX$12),$BX$11,IFERROR(INDEX(INDIRECT("Data!C"&$K$5,FALSE),MATCH(U13,Data!$A:$A,0)),$BX$12)),"-") -> 143 | AE13: =IF(AND(V13>=$AC$4,V13<=$AU$4),IF(""=IFERROR(INDEX(INDIRECT("Data!C"&$K$5,FALSE),MATCH(V13,Data!$A:$A,0)),$BX$12),$BX$11,IFERROR(INDEX(INDIRECT("Data!C"&$K$5,FALSE),MATCH(V13,Data!$A:$A,0)),$BX$12)),"-") -> 182 | AF13: =IF(AND(W13>=$AC$4,W13<=$AU$4),IF(""=IFERROR(INDEX(INDIRECT("Data!C"&$K$5,FALSE),MATCH(W13,Data!$A:$A,0)),$BX$12),$BX$11,IFERROR(INDEX(INDIRECT("Data!C"&$K$5,FALSE),MATCH(W13,Data!$A:$A,0)),$BX$12)),"-") -> 202 | AG13: =IF(AND(X13>=$AC$4,X13<=$AU$4),IF(""=IFERROR(INDEX(INDIRECT("Data!C"&$K$5,FALSE),MATCH(X13,Data!$A:$A,0)),$BX$12),$BX$11,IFERROR(INDEX(INDIRECT("Data!C"&$K$5,FALSE),MATCH(X13,Data!$A:$A,0)),$BX$12)),"-") -> 78 | AH13: =IF(AND(Y13>=$AC$4,Y13<=$AU$4),IF(""=IFERROR(INDEX(INDIRECT("Data!C"&$K$5,FALSE),MATCH(Y13,Data!$A:$A,0)),$BX$12),$BX$11,IFERROR(INDEX(INDIRECT("Data!C"&$K$5,FALSE),MATCH(Y13,Data!$A:$A,0)),$BX$12)),"-") -> 157 | AI13: =IF(AND(Z13>=$AC$4,Z13<=$AU$4),IF(""=IFERROR(INDEX(INDIRECT("Data!C"&$K$5,FALSE),MATCH(Z13,Data!$A:$A,0)),$BX$12),$BX$11,IFERROR(INDEX(INDIRECT("Data!C"&$K$5,FALSE),MATCH(Z13,Data!$A:$A,0)),$BX$12)),"-") -> 52 | AL13: =AL12+7 -> 41644 | AM13: =AL13+1 -> 41645 | AN13: =AM13+1 -> 41646 | AO13: =AN13+1 -> 41647 | AP13: =AO13+1 -> 41648 | AQ13: =AP13+1 -> 41649 | AR13: =AQ13+1 -> 41650 | AT13: {=IFERROR(IF(MATCH(8,DAY(AL13:AR13),0),AR13,""),"")} -> 41650 | AU13: =IF(AND(AL13>=$AC$4,AL13<=$AU$4),IF(""=IFERROR(INDEX(INDIRECT("Data!C"&$K$5,FALSE),MATCH(AL13,Data!$A:$A,0)),$BX$12),$BX$11,IFERROR(INDEX(INDIRECT("Data!C"&$K$5,FALSE),MATCH(AL13,Data!$A:$A,0)),$BX$12)),"-") -> 23 | AV13: =IF(AND(AM13>=$AC$4,AM13<=$AU$4),IF(""=IFERROR(INDEX(INDIRECT("Data!C"&$K$5,FALSE),MATCH(AM13,Data!$A:$A,0)),$BX$12),$BX$11,IFERROR(INDEX(INDIRECT("Data!C"&$K$5,FALSE),MATCH(AM13,Data!$A:$A,0)),$BX$12)),"-") -> 113 | AW13: =IF(AND(AN13>=$AC$4,AN13<=$AU$4),IF(""=IFERROR(INDEX(INDIRECT("Data!C"&$K$5,FALSE),MATCH(AN13,Data!$A:$A,0)),$BX$12),$BX$11,IFERROR(INDEX(INDIRECT("Data!C"&$K$5,FALSE),MATCH(AN13,Data!$A:$A,0)),$BX$12)),"-") -> 157 | AX13: =IF(AND(AO13>=$AC$4,AO13<=$AU$4),IF(""=IFERROR(INDEX(INDIRECT("Data!C"&$K$5,FALSE),MATCH(AO13,Data!$A:$A,0)),$BX$12),$BX$11,IFERROR(INDEX(INDIRECT("Data!C"&$K$5,FALSE),MATCH(AO13,Data!$A:$A,0)),$BX$12)),"-") -> 116 | AY13: =IF(AND(AP13>=$AC$4,AP13<=$AU$4),IF(""=IFERROR(INDEX(INDIRECT("Data!C"&$K$5,FALSE),MATCH(AP13,Data!$A:$A,0)),$BX$12),$BX$11,IFERROR(INDEX(INDIRECT("Data!C"&$K$5,FALSE),MATCH(AP13,Data!$A:$A,0)),$BX$12)),"-") -> 181 | AZ13: =IF(AND(AQ13>=$AC$4,AQ13<=$AU$4),IF(""=IFERROR(INDEX(INDIRECT("Data!C"&$K$5,FALSE),MATCH(AQ13,Data!$A:$A,0)),$BX$12),$BX$11,IFERROR(INDEX(INDIRECT("Data!C"&$K$5,FALSE),MATCH(AQ13,Data!$A:$A,0)),$BX$12)),"-") -> 146 | BA13: =IF(AND(AR13>=$AC$4,AR13<=$AU$4),IF(""=IFERROR(INDEX(INDIRECT("Data!C"&$K$5,FALSE),MATCH(AR13,Data!$A:$A,0)),$BX$12),$BX$11,IFERROR(INDEX(INDIRECT("Data!C"&$K$5,FALSE),MATCH(AR13,Data!$A:$A,0)),$BX$12)),"-") -> 41 | BD13: =BD12+7 -> 42008 | BE13: =BD13+1 -> 42009 | BF13: =BE13+1 -> 42010 | BG13: =BF13+1 -> 42011 | BH13: =BG13+1 -> 42012 | BI13: =BH13+1 -> 42013 | BJ13: =BI13+1 -> 42014 | BL13: {=IFERROR(IF(MATCH(8,DAY(BD13:BJ13),0),BJ13,""),"")} -> 42014 | BM13: =IF(AND(BD13>=$AC$4,BD13<=$AU$4),IF(""=IFERROR(INDEX(INDIRECT("Data!C"&$K$5,FALSE),MATCH(BD13,Data!$A:$A,0)),$BX$12),$BX$11,IFERROR(INDEX(INDIRECT("Data!C"&$K$5,FALSE),MATCH(BD13,Data!$A:$A,0)),$BX$12)),"-") -> 15 | BN13: =IF(AND(BE13>=$AC$4,BE13<=$AU$4),IF(""=IFERROR(INDEX(INDIRECT("Data!C"&$K$5,FALSE),MATCH(BE13,Data!$A:$A,0)),$BX$12),$BX$11,IFERROR(INDEX(INDIRECT("Data!C"&$K$5,FALSE),MATCH(BE13,Data!$A:$A,0)),$BX$12)),"-") -> 124 | BO13: =IF(AND(BF13>=$AC$4,BF13<=$AU$4),IF(""=IFERROR(INDEX(INDIRECT("Data!C"&$K$5,FALSE),MATCH(BF13,Data!$A:$A,0)),$BX$12),$BX$11,IFERROR(INDEX(INDIRECT("Data!C"&$K$5,FALSE),MATCH(BF13,Data!$A:$A,0)),$BX$12)),"-") -> 147 | BP13: =IF(AND(BG13>=$AC$4,BG13<=$AU$4),IF(""=IFERROR(INDEX(INDIRECT("Data!C"&$K$5,FALSE),MATCH(BG13,Data!$A:$A,0)),$BX$12),$BX$11,IFERROR(INDEX(INDIRECT("Data!C"&$K$5,FALSE),MATCH(BG13,Data!$A:$A,0)),$BX$12)),"-") -> 251 | BQ13: =IF(AND(BH13>=$AC$4,BH13<=$AU$4),IF(""=IFERROR(INDEX(INDIRECT("Data!C"&$K$5,FALSE),MATCH(BH13,Data!$A:$A,0)),$BX$12),$BX$11,IFERROR(INDEX(INDIRECT("Data!C"&$K$5,FALSE),MATCH(BH13,Data!$A:$A,0)),$BX$12)),"-") -> 118 | BR13: =IF(AND(BI13>=$AC$4,BI13<=$AU$4),IF(""=IFERROR(INDEX(INDIRECT("Data!C"&$K$5,FALSE),MATCH(BI13,Data!$A:$A,0)),$BX$12),$BX$11,IFERROR(INDEX(INDIRECT("Data!C"&$K$5,FALSE),MATCH(BI13,Data!$A:$A,0)),$BX$12)),"-") -> 188 | BS13: =IF(AND(BJ13>=$AC$4,BJ13<=$AU$4),IF(""=IFERROR(INDEX(INDIRECT("Data!C"&$K$5,FALSE),MATCH(BJ13,Data!$A:$A,0)),$BX$12),$BX$11,IFERROR(INDEX(INDIRECT("Data!C"&$K$5,FALSE),MATCH(BJ13,Data!$A:$A,0)),$BX$12)),"-") -> 55 | BU13: =AVERAGE(K13:Q13,AC13:AI13,AU13:BA13,BM13:BS13) -> 124.03571
B14: =B13+7 -> 40923 | C14: =B14+1 -> 40924 | D14: =C14+1 -> 40925 | E14: =D14+1 -> 40926 | F14: =E14+1 -> 40927 | G14: =F14+1 -> 40928 | H14: =G14+1 -> 40929 | J14: {=IFERROR(IF(MATCH(8,DAY(B14:H14),0),H14,""),"")} | K14: =IF(AND(B14>=$AC$4,B14<=$AU$4),IF(""=IFERROR(INDEX(INDIRECT("Data!C"&$K$5,FALSE),MATCH(B14,Data!$A:$A,0)),$BX$12),$BX$11,IFERROR(INDEX(INDIRECT("Data!C"&$K$5,FALSE),MATCH(B14,Data!$A:$A,0)),$BX$12)),"-") -> 14 | L14: =IF(AND(C14>=$AC$4,C14<=$AU$4),IF(""=IFERROR(INDEX(INDIRECT("Data!C"&$K$5,FALSE),MATCH(C14,Data!$A:$A,0)),$BX$12),$BX$11,IFERROR(INDEX(INDIRECT("Data!C"&$K$5,FALSE),MATCH(C14,Data!$A:$A,0)),$BX$12)),"-") -> 128 | M14: =IF(AND(D14>=$AC$4,D14<=$AU$4),IF(""=IFERROR(INDEX(INDIRECT("Data!C"&$K$5,FALSE),MATCH(D14,Data!$A:$A,0)),$BX$12),$BX$11,IFERROR(INDEX(INDIRECT("Data!C"&$K$5,FALSE),MATCH(D14,Data!$A:$A,0)),$BX$12)),"-") -> 104 | N14: =IF(AND(E14>=$AC$4,E14<=$AU$4),IF(""=IFERROR(INDEX(INDIRECT("Data!C"&$K$5,FALSE),MATCH(E14,Data!$A:$A,0)),$BX$12),$BX$11,IFERROR(INDEX(INDIRECT("Data!C"&$K$5,FALSE),MATCH(E14,Data!$A:$A,0)),$BX$12)),"-") -> 111 | O14: =IF(AND(F14>=$AC$4,F14<=$AU$4),IF(""=IFERROR(INDEX(INDIRECT("Data!C"&$K$5,FALSE),MATCH(F14,Data!$A:$A,0)),$BX$12),$BX$11,IFERROR(INDEX(INDIRECT("Data!C"&$K$5,FALSE),MATCH(F14,Data!$A:$A,0)),$BX$12)),"-") -> 114 | P14: =IF(AND(G14>=$AC$4,G14<=$AU$4),IF(""=IFERROR(INDEX(INDIRECT("Data!C"&$K$5,FALSE),MATCH(G14,Data!$A:$A,0)),$BX$12),$BX$11,IFERROR(INDEX(INDIRECT("Data!C"&$K$5,FALSE),MATCH(G14,Data!$A:$A,0)),$BX$12)),"-") -> 174 | Q14: =IF(AND(H14>=$AC$4,H14<=$AU$4),IF(""=IFERROR(INDEX(INDIRECT("Data!C"&$K$5,FALSE),MATCH(H14,Data!$A:$A,0)),$BX$12),$BX$11,IFERROR(INDEX(INDIRECT("Data!C"&$K$5,FALSE),MATCH(H14,Data!$A:$A,0)),$BX$12)),"-") -> 54 | T14: =T13+7 -> 41287 | U14: =T14+1 -> 41288 | V14: =U14+1 -> 41289 | W14: =V14+1 -> 41290 | X14: =W14+1 -> 41291 | Y14: =X14+1 -> 41292 | Z14: =Y14+1 -> 41293 | AB14: {=IFERROR(IF(MATCH(8,DAY(T14:Z14),0),Z14,""),"")} | AC14: =IF(AND(T14>=$AC$4,T14<=$AU$4),IF(""=IFERROR(INDEX(INDIRECT("Data!C"&$K$5,FALSE),MATCH(T14,Data!$A:$A,0)),$BX$12),$BX$11,IFERROR(INDEX(INDIRECT("Data!C"&$K$5,FALSE),MATCH(T14,Data!$A:$A,0)),$BX$12)),"-") -> 12 | AD14: =IF(AND(U14>=$AC$4,U14<=$AU$4),IF(""=IFERROR(INDEX(INDIRECT("Data!C"&$K$5,FALSE),MATCH(U14,Data!$A:$A,0)),$BX$12),$BX$11,IFERROR(INDEX(INDIRECT("Data!C"&$K$5,FALSE),MATCH(U14,Data!$A:$A,0)),$BX$12)),"-") -> 158 | AE14: =IF(AND(V14>=$AC$4,V14<=$AU$4),IF(""=IFERROR(INDEX(INDIRECT("Data!C"&$K$5,FALSE),MATCH(V14,Data!$A:$A,0)),$BX$12),$BX$11,IFERROR(INDEX(INDIRECT("Data!C"&$K$5,FALSE),MATCH(V14,Data!$A:$A,0)),$BX$12)),"-") -> 124 | AF14: =IF(AND(W14>=$AC$4,W14<=$AU$4),IF(""=IFERROR(INDEX(INDIRECT("Data!C"&$K$5,FALSE),MATCH(W14,Data!$A:$A,0)),$BX$12),$BX$11,IFERROR(INDEX(INDIRECT("Data!C"&$K$5,FALSE),MATCH(W14,Data!$A:$A,0)),$BX$12)),"-") -> 181 | AG14: =IF(AND(X14>=$AC$4,X14<=$AU$4),IF(""=IFERROR(INDEX(INDIRECT("Data!C"&$K$5,FALSE),MATCH(X14,Data!$A:$A,0)),$BX$12),$BX$11,IFERROR(INDEX(INDIRECT("Data!C"&$K$5,FALSE),MATCH(X14,Data!$A:$A,0)),$BX$12)),"-") -> 99 | AH14: =IF(AND(Y14>=$AC$4,Y14<=$AU$4),IF(""=IFERROR(INDEX(INDIRECT("Data!C"&$K$5,FALSE),MATCH(Y14,Data!$A:$A,0)),$BX$12),$BX$11,IFERROR(INDEX(INDIRECT("Data!C"&$K$5,FALSE),MATCH(Y14,Data!$A:$A,0)),$BX$12)),"-") -> 191 | AI14: =IF(AND(Z14>=$AC$4,Z14<=$AU$4),IF(""=IFERROR(INDEX(INDIRECT("Data!C"&$K$5,FALSE),MATCH(Z14,Data!$A:$A,0)),$BX$12),$BX$11,IFERROR(INDEX(INDIRECT("Data!C"&$K$5,FALSE),MATCH(Z14,Data!$A:$A,0)),$BX$12)),"-") -> 54 | AL14: =AL13+7 -> 41651 | AM14: =AL14+1 -> 41652 | AN14: =AM14+1 -> 41653 | AO14: =AN14+1 -> 41654 | AP14: =AO14+1 -> 41655 | AQ14: =AP14+1 -> 41656 | AR14: =AQ14+1 -> 41657 | AT14: {=IFERROR(IF(MATCH(8,DAY(AL14:AR14),0),AR14,""),"")} | AU14: =IF(AND(AL14>=$AC$4,AL14<=$AU$4),IF(""=IFERROR(INDEX(INDIRECT("Data!C"&$K$5,FALSE),MATCH(AL14,Data!$A:$A,0)),$BX$12),$BX$11,IFERROR(INDEX(INDIRECT("Data!C"&$K$5,FALSE),MATCH(AL14,Data!$A:$A,0)),$BX$12)),"-") -> 22 | AV14: =IF(AND(AM14>=$AC$4,AM14<=$AU$4),IF(""=IFERROR(INDEX(INDIRECT("Data!C"&$K$5,FALSE),MATCH(AM14,Data!$A:$A,0)),$BX$12),$BX$11,IFERROR(INDEX(INDIRECT("Data!C"&$K$5,FALSE),MATCH(AM14,Data!$A:$A,0)),$BX$12)),"-") -> 128 | AW14: =IF(AND(AN14>=$AC$4,AN14<=$AU$4),IF(""=IFERROR(INDEX(INDIRECT("Data!C"&$K$5,FALSE),MATCH(AN14,Data!$A:$A,0)),$BX$12),$BX$11,IFERROR(INDEX(INDIRECT("Data!C"&$K$5,FALSE),MATCH(AN14,Data!$A:$A,0)),$BX$12)),"-") -> 211 | AX14: =IF(AND(AO14>=$AC$4,AO14<=$AU$4),IF(""=IFERROR(INDEX(INDIRECT("Data!C"&$K$5,FALSE),MATCH(AO14,Data!$A:$A,0)),$BX$12),$BX$11,IFERROR(INDEX(INDIRECT("Data!C"&$K$5,FALSE),MATCH(AO14,Data!$A:$A,0)),$BX$12)),"-") -> 262 | AY14: =IF(AND(AP14>=$AC$4,AP14<=$AU$4),IF(""=IFERROR(INDEX(INDIRECT("Data!C"&$K$5,FALSE),MATCH(AP14,Data!$A:$A,0)),$BX$12),$BX$11,IFERROR(INDEX(INDIRECT("Data!C"&$K$5,FALSE),MATCH(AP14,Data!$A:$A,0)),$BX$12)),"-") -> 205 | AZ14: =IF(AND(AQ14>=$AC$4,AQ14<=$AU$4),IF(""=IFERROR(INDEX(INDIRECT("Data!C"&$K$5,FALSE),MATCH(AQ14,Data!$A:$A,0)),$BX$12),$BX$11,IFERROR(INDEX(INDIRECT("Data!C"&$K$5,FALSE),MATCH(AQ14,Data!$A:$A,0)),$BX$12)),"-") -> 147 | BA14: =IF(AND(AR14>=$AC$4,AR14<=$AU$4),IF(""=IFERROR(INDEX(INDIRECT("Data!C"&$K$5,FALSE),MATCH(AR14,Data!$A:$A,0)),$BX$12),$BX$11,IFERROR(INDEX(INDIRECT("Data!C"&$K$5,FALSE),MATCH(AR14,Data!$A:$A,0)),$BX$12)),"-") -> 45 | BD14: =BD13+7 -> 42015 | BE14: =BD14+1 -> 42016 | BF14: =BE14+1 -> 42017 | BG14: =BF14+1 -> 42018 | BH14: =BG14+1 -> 42019 | BI14: =BH14+1 -> 42020 | BJ14: =BI14+1 -> 42021 | BL14: {=IFERROR(IF(MATCH(8,DAY(BD14:BJ14),0),BJ14,""),"")} | BM14: =IF(AND(BD14>=$AC$4,BD14<=$AU$4),IF(""=IFERROR(INDEX(INDIRECT("Data!C"&$K$5,FALSE),MATCH(BD14,Data!$A:$A,0)),$BX$12),$BX$11,IFERROR(INDEX(INDIRECT("Data!C"&$K$5,FALSE),MATCH(BD14,Data!$A:$A,0)),$BX$12)),"-") -> 22 | BN14: =IF(AND(BE14>=$AC$4,BE14<=$AU$4),IF(""=IFERROR(INDEX(INDIRECT("Data!C"&$K$5,FALSE),MATCH(BE14,Data!$A:$A,0)),$BX$12),$BX$11,IFERROR(INDEX(INDIRECT("Data!C"&$K$5,FALSE),MATCH(BE14,Data!$A:$A,0)),$BX$12)),"-") -> 195 | BO14: =IF(AND(BF14>=$AC$4,BF14<=$AU$4),IF(""=IFERROR(INDEX(INDIRECT("Data!C"&$K$5,FALSE),MATCH(BF14,Data!$A:$A,0)),$BX$12),$BX$11,IFERROR(INDEX(INDIRECT("Data!C"&$K$5,FALSE),MATCH(BF14,Data!$A:$A,0)),$BX$12)),"-") -> 280 | BP14: =IF(AND(BG14>=$AC$4,BG14<=$AU$4),IF(""=IFERROR(INDEX(INDIRECT("Data!C"&$K$5,FALSE),MATCH(BG14,Data!$A:$A,0)),$BX$12),$BX$11,IFERROR(INDEX(INDIRECT("Data!C"&$K$5,FALSE),MATCH(BG14,Data!$A:$A,0)),$BX$12)),"-") -> 275 | BQ14: =IF(AND(BH14>=$AC$4,BH14<=$AU$4),IF(""=IFERROR(INDEX(INDIRECT("Data!C"&$K$5,FALSE),MATCH(BH14,Data!$A:$A,0)),$BX$12),$BX$11,IFERROR(INDEX(INDIRECT("Data!C"&$K$5,FALSE),MATCH(BH14,Data!$A:$A,0)),$BX$12)),"-") -> 233 | BR14: =IF(AND(BI14>=$AC$4,BI14<=$AU$4),IF(""=IFERROR(INDEX(INDIRECT("Data!C"&$K$5,FALSE),MATCH(BI14,Data!$A:$A,0)),$BX$12),$BX$11,IFERROR(INDEX(INDIRECT("Data!C"&$K$5,FALSE),MATCH(BI14,Data!$A:$A,0)),$BX$12)),"-") -> 116 | BS14: =IF(AND(BJ14>=$AC$4,BJ14<=$AU$4),IF(""=IFERROR(INDEX(INDIRECT("Data!C"&$K$5,FALSE),MATCH(BJ14,Data!$A:$A,0)),$BX$12),$BX$11,IFERROR(INDEX(INDIRECT("Data!C"&$K$5,FALSE),MATCH(BJ14,Data!$A:$A,0)),$BX$12)),"-") -> 67 | BU14: =AVERAGE(K14:Q14,AC14:AI14,AU14:BA14,BM14:BS14) -> 133.07143 | BW14: Highlight Holidays? | BX14: yes
B15: =B14+7 -> 40930 | C15: =B15+1 -> 40931 | D15: =C15+1 -> 40932 | E15: =D15+1 -> 40933 | F15: =E15+1 -> 40934 | G15: =F15+1 -> 40935 | H15: =G15+1 -> 40936 | J15: {=IFERROR(IF(MATCH(8,DAY(B15:H15),0),H15,""),"")} | K15: =IF(AND(B15>=$AC$4,B15<=$AU$4),IF(""=IFERROR(INDEX(INDIRECT("Data!C"&$K$5,FALSE),MATCH(B15,Data!$A:$A,0)),$BX$12),$BX$11,IFERROR(INDEX(INDIRECT("Data!C"&$K$5,FALSE),MATCH(B15,Data!$A:$A,0)),$BX$12)),"-") -> 30 | L15: =IF(AND(C15>=$AC$4,C15<=$AU$4),IF(""=IFERROR(INDEX(INDIRECT("Data!C"&$K$5,FALSE),MATCH(C15,Data!$A:$A,0)),$BX$12),$BX$11,IFERROR(INDEX(INDIRECT("Data!C"&$K$5,FALSE),MATCH(C15,Data!$A:$A,0)),$BX$12)),"-") -> 264 | M15: =IF(AND(D15>=$AC$4,D15<=$AU$4),IF(""=IFERROR(INDEX(INDIRECT("Data!C"&$K$5,FALSE),MATCH(D15,Data!$A:$A,0)),$BX$12),$BX$11,IFERROR(INDEX(INDIRECT("Data!C"&$K$5,FALSE),MATCH(D15,Data!$A:$A,0)),$BX$12)),"-") -> 131 | N15: =IF(AND(E15>=$AC$4,E15<=$AU$4),IF(""=IFERROR(INDEX(INDIRECT("Data!C"&$K$5,FALSE),MATCH(E15,Data!$A:$A,0)),$BX$12),$BX$11,IFERROR(INDEX(INDIRECT("Data!C"&$K$5,FALSE),MATCH(E15,Data!$A:$A,0)),$BX$12)),"-") -> 163 | O15: =IF(AND(F15>=$AC$4,F15<=$AU$4),IF(""=IFERROR(INDEX(INDIRECT("Data!C"&$K$5,FALSE),MATCH(F15,Data!$A:$A,0)),$BX$12),$BX$11,IFERROR(INDEX(INDIRECT("Data!C"&$K$5,FALSE),MATCH(F15,Data!$A:$A,0)),$BX$12)),"-") -> 101 | P15: =IF(AND(G15>=$AC$4,G15<=$AU$4),IF(""=IFERROR(INDEX(INDIRECT("Data!C"&$K$5,FALSE),MATCH(G15,Data!$A:$A,0)),$BX$12),$BX$11,IFERROR(INDEX(INDIRECT("Data!C"&$K$5,FALSE),MATCH(G15,Data!$A:$A,0)),$BX$12)),"-") -> 130 | Q15: =IF(AND(H15>=$AC$4,H15<=$AU$4),IF(""=IFERROR(INDEX(INDIRECT("Data!C"&$K$5,FALSE),MATCH(H15,Data!$A:$A,0)),$BX$12),$BX$11,IFERROR(INDEX(INDIRECT("Data!C"&$K$5,FALSE),MATCH(H15,Data!$A:$A,0)),$BX$12)),"-") -> 43 | T15: =T14+7 -> 41294 | U15: =T15+1 -> 41295 | V15: =U15+1 -> 41296 | W15: =V15+1 -> 41297 | X15: =W15+1 -> 41298 | Y15: =X15+1 -> 41299 | Z15: =Y15+1 -> 41300 | AB15: {=IFERROR(IF(MATCH(8,DAY(T15:Z15),0),Z15,""),"")} | AC15: =IF(AND(T15>=$AC$4,T15<=$AU$4),IF(""=IFERROR(INDEX(INDIRECT("Data!C"&$K$5,FALSE),MATCH(T15,Data!$A:$A,0)),$BX$12),$BX$11,IFERROR(INDEX(INDIRECT("Data!C"&$K$5,FALSE),MATCH(T15,Data!$A:$A,0)),$BX$12)),"-") -> 22 | AD15: =IF(AND(U15>=$AC$4,U15<=$AU$4),IF(""=IFERROR(INDEX(INDIRECT("Data!C"&$K$5,FALSE),MATCH(U15,Data!$A:$A,0)),$BX$12),$BX$11,IFERROR(INDEX(INDIRECT("Data!C"&$K$5,FALSE),MATCH(U15,Data!$A:$A,0)),$BX$12)),"-") -> 208 | AE15: =IF(AND(V15>=$AC$4,V15<=$AU$4),IF(""=IFERROR(INDEX(INDIRECT("Data!C"&$K$5,FALSE),MATCH(V15,Data!$A:$A,0)),$BX$12),$BX$11,IFERROR(INDEX(INDIRECT("Data!C"&$K$5,FALSE),MATCH(V15,Data!$A:$A,0)),$BX$12)),"-") -> 132 | AF15: =IF(AND(W15>=$AC$4,W15<=$AU$4),IF(""=IFERROR(INDEX(INDIRECT("Data!C"&$K$5,FALSE),MATCH(W15,Data!$A:$A,0)),$BX$12),$BX$11,IFERROR(INDEX(INDIRECT("Data!C"&$K$5,FALSE),MATCH(W15,Data!$A:$A,0)),$BX$12)),"-") -> 279 | AG15: =IF(AND(X15>=$AC$4,X15<=$AU$4),IF(""=IFERROR(INDEX(INDIRECT("Data!C"&$K$5,FALSE),MATCH(X15,Data!$A:$A,0)),$BX$12),$BX$11,IFERROR(INDEX(INDIRECT("Data!C"&$K$5,FALSE),MATCH(X15,Data!$A:$A,0)),$BX$12)),"-") -> 143 | AH15: =IF(AND(Y15>=$AC$4,Y15<=$AU$4),IF(""=IFERROR(INDEX(INDIRECT("Data!C"&$K$5,FALSE),MATCH(Y15,Data!$A:$A,0)),$BX$12),$BX$11,IFERROR(INDEX(INDIRECT("Data!C"&$K$5,FALSE),MATCH(Y15,Data!$A:$A,0)),$BX$12)),"-") -> 115 | AI15: =IF(AND(Z15>=$AC$4,Z15<=$AU$4),IF(""=IFERROR(INDEX(INDIRECT("Data!C"&$K$5,FALSE),MATCH(Z15,Data!$A:$A,0)),$BX$12),$BX$11,IFERROR(INDEX(INDIRECT("Data!C"&$K$5,FALSE),MATCH(Z15,Data!$A:$A,0)),$BX$12)),"-") -> 72 | AL15: =AL14+7 -> 41658 | AM15: =AL15+1 -> 41659 | AN15: =AM15+1 -> 41660 | AO15: =AN15+1 -> 41661 | AP15: =AO15+1 -> 41662 | AQ15: =AP15+1 -> 41663 | AR15: =AQ15+1 -> 41664 | AT15: {=IFERROR(IF(MATCH(8,DAY(AL15:AR15),0),AR15,""),"")} | AU15: =IF(AND(AL15>=$AC$4,AL15<=$AU$4),IF(""=IFERROR(INDEX(INDIRECT("Data!C"&$K$5,FALSE),MATCH(AL15,Data!$A:$A,0)),$BX$12),$BX$11,IFERROR(INDEX(INDIRECT("Data!C"&$K$5,FALSE),MATCH(AL15,Data!$A:$A,0)),$BX$12)),"-") -> 17 | AV15: =IF(AND(AM15>=$AC$4,AM15<=$AU$4),IF(""=IFERROR(INDEX(INDIRECT("Data!C"&$K$5,FALSE),MATCH(AM15,Data!$A:$A,0)),$BX$12),$BX$11,IFERROR(INDEX(INDIRECT("Data!C"&$K$5,FALSE),MATCH(AM15,Data!$A:$A,0)),$BX$12)),"-") -> 329 | AW15: =IF(AND(AN15>=$AC$4,AN15<=$AU$4),IF(""=IFERROR(INDEX(INDIRECT("Data!C"&$K$5,FALSE),MATCH(AN15,Data!$A:$A,0)),$BX$12),$BX$11,IFERROR(INDEX(INDIRECT("Data!C"&$K$5,FALSE),MATCH(AN15,Data!$A:$A,0)),$BX$12)),"-") -> 220 | AX15: =IF(AND(AO15>=$AC$4,AO15<=$AU$4),IF(""=IFERROR(INDEX(INDIRECT("Data!C"&$K$5,FALSE),MATCH(AO15,Data!$A:$A,0)),$BX$12),$BX$11,IFERROR(INDEX(INDIRECT("Data!C"&$K$5,FALSE),MATCH(AO15,Data!$A:$A,0)),$BX$12)),"-") -> 220 | AY15: =IF(AND(AP15>=$AC$4,AP15<=$AU$4),IF(""=IFERROR(INDEX(INDIRECT("Data!C"&$K$5,FALSE),MATCH(AP15,Data!$A:$A,0)),$BX$12),$BX$11,IFERROR(INDEX(INDIRECT("Data!C"&$K$5,FALSE),MATCH(AP15,Data!$A:$A,0)),$BX$12)),"-") -> 238 | AZ15: =IF(AND(AQ15>=$AC$4,AQ15<=$AU$4),IF(""=IFERROR(INDEX(INDIRECT("Data!C"&$K$5,FALSE),MATCH(AQ15,Data!$A:$A,0)),$BX$12),$BX$11,IFERROR(INDEX(INDIRECT("Data!C"&$K$5,FALSE),MATCH(AQ15,Data!$A:$A,0)),$BX$12)),"-") -> 197 | BA15: =IF(AND(AR15>=$AC$4,AR15<=$AU$4),IF(""=IFERROR(INDEX(INDIRECT("Data!C"&$K$5,FALSE),MATCH(AR15,Data!$A:$A,0)),$BX$12),$BX$11,IFERROR(INDEX(INDIRECT("Data!C"&$K$5,FALSE),MATCH(AR15,Data!$A:$A,0)),$BX$12)),"-") -> 56 | BD15: =BD14+7 -> 42022 | BE15: =BD15+1 -> 42023 | BF15: =BE15+1 -> 42024 | BG15: =BF15+1 -> 42025 | BH15: =BG15+1 -> 42026 | BI15: =BH15+1 -> 42027 | BJ15: =BI15+1 -> 42028 | BL15: {=IFERROR(IF(MATCH(8,DAY(BD15:BJ15),0),BJ15,""),"")} | BM15: =IF(AND(BD15>=$AC$4,BD15<=$AU$4),IF(""=IFERROR(INDEX(INDIRECT("Data!C"&$K$5,FALSE),MATCH(BD15,Data!$A:$A,0)),$BX$12),$BX$11,IFERROR(INDEX(INDIRECT("Data!C"&$K$5,FALSE),MATCH(BD15,Data!$A:$A,0)),$BX$12)),"-") -> 37 | BN15: =IF(AND(BE15>=$AC$4,BE15<=$AU$4),IF(""=IFERROR(INDEX(INDIRECT("Data!C"&$K$5,FALSE),MATCH(BE15,Data!$A:$A,0)),$BX$12),$BX$11,IFERROR(INDEX(INDIRECT("Data!C"&$K$5,FALSE),MATCH(BE15,Data!$A:$A,0)),$BX$12)),"-") -> 362 | BO15: =IF(AND(BF15>=$AC$4,BF15<=$AU$4),IF(""=IFERROR(INDEX(INDIRECT("Data!C"&$K$5,FALSE),MATCH(BF15,Data!$A:$A,0)),$BX$12),$BX$11,IFERROR(INDEX(INDIRECT("Data!C"&$K$5,FALSE),MATCH(BF15,Data!$A:$A,0)),$BX$12)),"-") -> 336 | BP15: =IF(AND(BG15>=$AC$4,BG15<=$AU$4),IF(""=IFERROR(INDEX(INDIRECT("Data!C"&$K$5,FALSE),MATCH(BG15,Data!$A:$A,0)),$BX$12),$BX$11,IFERROR(INDEX(INDIRECT("Data!C"&$K$5,FALSE),MATCH(BG15,Data!$A:$A,0)),$BX$12)),"-") -> 201 | BQ15: =IF(AND(BH15>=$AC$4,BH15<=$AU$4),IF(""=IFERROR(INDEX(INDIRECT("Data!C"&$K$5,FALSE),MATCH(BH15,Data!$A:$A,0)),$BX$12),$BX$11,IFERROR(INDEX(INDIRECT("Data!C"&$K$5,FALSE),MATCH(BH15,Data!$A:$A,0)),$BX$12)),"-") -> 165 | BR15: =IF(AND(BI15>=$AC$4,BI15<=$AU$4),IF(""=IFERROR(INDEX(INDIRECT("Data!C"&$K$5,FALSE),MATCH(BI15,Data!$A:$A,0)),$BX$12),$BX$11,IFERROR(INDEX(INDIRECT("Data!C"&$K$5,FALSE),MATCH(BI15,Data!$A:$A,0)),$BX$12)),"-") -> 217 | BS15: =IF(AND(BJ15>=$AC$4,BJ15<=$AU$4),IF(""=IFERROR(INDEX(INDIRECT("Data!C"&$K$5,FALSE),MATCH(BJ15,Data!$A:$A,0)),$BX$12),$BX$11,IFERROR(INDEX(INDIRECT("Data!C"&$K$5,FALSE),MATCH(BJ15,Data!$A:$A,0)),$BX$12)),"-") -> 79 | BU15: =AVERAGE(K15:Q15,AC15:AI15,AU15:BA15,BM15:BS15) -> 160.96429
B16: =B15+7 -> 40937 | C16: =B16+1 -> 40938 | D16: =C16+1 -> 40939 | E16: =D16+1 -> 40940 | F16: =E16+1 -> 40941 | G16: =F16+1 -> 40942 | H16: =G16+1 -> 40943 | J16: {=IFERROR(IF(MATCH(8,DAY(B16:H16),0),H16,""),"")} | K16: =IF(AND(B16>=$AC$4,B16<=$AU$4),IF(""=IFERROR(INDEX(INDIRECT("Data!C"&$K$5,FALSE),MATCH(B16,Data!$A:$A,0)),$BX$12),$BX$11,IFERROR(INDEX(INDIRECT("Data!C"&$K$5,FALSE),MATCH(B16,Data!$A:$A,0)),$BX$12)),"-") -> 25 | L16: =IF(AND(C16>=$AC$4,C16<=$AU$4),IF(""=IFERROR(INDEX(INDIRECT("Data!C"&$K$5,FALSE),MATCH(C16,Data!$A:$A,0)),$BX$12),$BX$11,IFERROR(INDEX(INDIRECT("Data!C"&$K$5,FALSE),MATCH(C16,Data!$A:$A,0)),$BX$12)),"-") -> 324 | M16: =IF(AND(D16>=$AC$4,D16<=$AU$4),IF(""=IFERROR(INDEX(INDIRECT("Data!C"&$K$5,FALSE),MATCH(D16,Data!$A:$A,0)),$BX$12),$BX$11,IFERROR(INDEX(INDIRECT("Data!C"&$K$5,FALSE),MATCH(D16,Data!$A:$A,0)),$BX$12)),"-") -> 168 | N16: =IF(AND(E16>=$AC$4,E16<=$AU$4),IF(""=IFERROR(INDEX(INDIRECT("Data!C"&$K$5,FALSE),MATCH(E16,Data!$A:$A,0)),$BX$12),$BX$11,IFERROR(INDEX(INDIRECT("Data!C"&$K$5,FALSE),MATCH(E16,Data!$A:$A,0)),$BX$12)),"-") -> 232 | O16: =IF(AND(F16>=$AC$4,F16<=$AU$4),IF(""=IFERROR(INDEX(INDIRECT("Data!C"&$K$5,FALSE),MATCH(F16,Data!$A:$A,0)),$BX$12),$BX$11,IFERROR(INDEX(INDIRECT("Data!C"&$K$5,FALSE),MATCH(F16,Data!$A:$A,0)),$BX$12)),"-") -> 147 | P16: =IF(AND(G16>=$AC$4,G16<=$AU$4),IF(""=IFERROR(INDEX(INDIRECT("Data!C"&$K$5,FALSE),MATCH(G16,Data!$A:$A,0)),$BX$12),$BX$11,IFERROR(INDEX(INDIRECT("Data!C"&$K$5,FALSE),MATCH(G16,Data!$A:$A,0)),$BX$12)),"-") -> 128 | Q16: =IF(AND(H16>=$AC$4,H16<=$AU$4),IF(""=IFERROR(INDEX(INDIRECT("Data!C"&$K$5,FALSE),MATCH(H16,Data!$A:$A,0)),$BX$12),$BX$11,IFERROR(INDEX(INDIRECT("Data!C"&$K$5,FALSE),MATCH(H16,Data!$A:$A,0)),$BX$12)),"-") -> 43 | T16: =T15+7 -> 41301 | U16: =T16+1 -> 41302 | V16: =U16+1 -> 41303 | W16: =V16+1 -> 41304 | X16: =W16+1 -> 41305 | Y16: =X16+1 -> 41306 | Z16: =Y16+1 -> 41307 | AB16: {=IFERROR(IF(MATCH(8,DAY(T16:Z16),0),Z16,""),"")} | AC16: =IF(AND(T16>=$AC$4,T16<=$AU$4),IF(""=IFERROR(INDEX(INDIRECT("Data!C"&$K$5,FALSE),MATCH(T16,Data!$A:$A,0)),$BX$12),$BX$11,IFERROR(INDEX(INDIRECT("Data!C"&$K$5,FALSE),MATCH(T16,Data!$A:$A,0)),$BX$12)),"-") -> 19 | AD16: =IF(AND(U16>=$AC$4,U16<=$AU$4),IF(""=IFERROR(INDEX(INDIRECT("Data!C"&$K$5,FALSE),MATCH(U16,Data!$A:$A,0)),$BX$12),$BX$11,IFERROR(INDEX(INDIRECT("Data!C"&$K$5,FALSE),MATCH(U16,Data!$A:$A,0)),$BX$12)),"-") -> 271 | AE16: =IF(AND(V16>=$AC$4,V16<=$AU$4),IF(""=IFERROR(INDEX(INDIRECT("Data!C"&$K$5,FALSE),MATCH(V16,Data!$A:$A,0)),$BX$12),$BX$11,IFERROR(INDEX(INDIRECT("Data!C"&$K$5,FALSE),MATCH(V16,Data!$A:$A,0)),$BX$12)),"-") -> 259 | AF16: =IF(AND(W16>=$AC$4,W16<=$AU$4),IF(""=IFERROR(INDEX(INDIRECT("Data!C"&$K$5,FALSE),MATCH(W16,Data!$A:$A,0)),$BX$12),$BX$11,IFERROR(INDEX(INDIRECT("Data!C"&$K$5,FALSE),MATCH(W16,Data!$A:$A,0)),$BX$12)),"-") -> 200 | AG16: =IF(AND(X16>=$AC$4,X16<=$AU$4),IF(""=IFERROR(INDEX(INDIRECT("Data!C"&$K$5,FALSE),MATCH(X16,Data!$A:$A,0)),$BX$12),$BX$11,IFERROR(INDEX(INDIRECT("Data!C"&$K$5,FALSE),MATCH(X16,Data!$A:$A,0)),$BX$12)),"-") -> 169 | AH16: =IF(AND(Y16>=$AC$4,Y16<=$AU$4),IF(""=IFERROR(INDEX(INDIRECT("Data!C"&$K$5,FALSE),MATCH(Y16,Data!$A:$A,0)),$BX$12),$BX$11,IFERROR(INDEX(INDIRECT("Data!C"&$K$5,FALSE),MATCH(Y16,Data!$A:$A,0)),$BX$12)),"-") -> 134 | AI16: =IF(AND(Z16>=$AC$4,Z16<=$AU$4),IF(""=IFERROR(INDEX(INDIRECT("Data!C"&$K$5,FALSE),MATCH(Z16,Data!$A:$A,0)),$BX$12),$BX$11,IFERROR(INDEX(INDIRECT("Data!C"&$K$5,FALSE),MATCH(Z16,Data!$A:$A,0)),$BX$12)),"-") -> 54 | AL16: =AL15+7 -> 41665 | AM16: =AL16+1 -> 41666 | AN16: =AM16+1 -> 41667 | AO16: =AN16+1 -> 41668 | AP16: =AO16+1 -> 41669 | AQ16: =AP16+1 -> 41670 | AR16: =AQ16+1 -> 41671 | AT16: {=IFERROR(IF(MATCH(8,DAY(AL16:AR16),0),AR16,""),"")} | AU16: =IF(AND(AL16>=$AC$4,AL16<=$AU$4),IF(""=IFERROR(INDEX(INDIRECT("Data!C"&$K$5,FALSE),MATCH(AL16,Data!$A:$A,0)),$BX$12),$BX$11,IFERROR(INDEX(INDIRECT("Data!C"&$K$5,FALSE),MATCH(AL16,Data!$A:$A,0)),$BX$12)),"-") -> 31 | AV16: =IF(AND(AM16>=$AC$4,AM16<=$AU$4),IF(""=IFERROR(INDEX(INDIRECT("Data!C"&$K$5,FALSE),MATCH(AM16,Data!$A:$A,0)),$BX$12),$BX$11,IFERROR(INDEX(INDIRECT("Data!C"&$K$5,FALSE),MATCH(AM16,Data!$A:$A,0)),$BX$12)),"-") -> 311 | AW16: =IF(AND(AN16>=$AC$4,AN16<=$AU$4),IF(""=IFERROR(INDEX(INDIRECT("Data!C"&$K$5,FALSE),MATCH(AN16,Data!$A:$A,0)),$BX$12),$BX$11,IFERROR(INDEX(INDIRECT("Data!C"&$K$5,FALSE),MATCH(AN16,Data!$A:$A,0)),$BX$12)),"-") -> 283 | AX16: =IF(AND(AO16>=$AC$4,AO16<=$AU$4),IF(""=IFERROR(INDEX(INDIRECT("Data!C"&$K$5,FALSE),MATCH(AO16,Data!$A:$A,0)),$BX$12),$BX$11,IFERROR(INDEX(INDIRECT("Data!C"&$K$5,FALSE),MATCH(AO16,Data!$A:$A,0)),$BX$12)),"-") -> 227 | AY16: =IF(AND(AP16>=$AC$4,AP16<=$AU$4),IF(""=IFERROR(INDEX(INDIRECT("Data!C"&$K$5,FALSE),MATCH(AP16,Data!$A:$A,0)),$BX$12),$BX$11,IFERROR(INDEX(INDIRECT("Data!C"&$K$5,FALSE),MATCH(AP16,Data!$A:$A,0)),$BX$12)),"-") -> 204 | AZ16: =IF(AND(AQ16>=$AC$4,AQ16<=$AU$4),IF(""=IFERROR(INDEX(INDIRECT("Data!C"&$K$5,FALSE),MATCH(AQ16,Data!$A:$A,0)),$BX$12),$BX$11,IFERROR(INDEX(INDIRECT("Data!C"&$K$5,FALSE),MATCH(AQ16,Data!$A:$A,0)),$BX$12)),"-") -> 179 | BA16: =IF(AND(AR16>=$AC$4,AR16<=$AU$4),IF(""=IFERROR(INDEX(INDIRECT("Data!C"&$K$5,FALSE),MATCH(AR16,Data!$A:$A,0)),$BX$12),$BX$11,IFERROR(INDEX(INDIRECT("Data!C"&$K$5,FALSE),MATCH(AR16,Data!$A:$A,0)),$BX$12)),"-") -> 80 | BD16: =BD15+7 -> 42029 | BE16: =BD16+1 -> 42030 | BF16: =BE16+1 -> 42031 | BG16: =BF16+1 -> 42032 | BH16: =BG16+1 -> 42033 | BI16: =BH16+1 -> 42034 | BJ16: =BI16+1 -> 42035 | BL16: {=IFERROR(IF(MATCH(8,DAY(BD16:BJ16),0),BJ16,""),"")} | BM16: =IF(AND(BD16>=$AC$4,BD16<=$AU$4),IF(""=IFERROR(INDEX(INDIRECT("Data!C"&$K$5,FALSE),MATCH(BD16,Data!$A:$A,0)),$BX$12),$BX$11,IFERROR(INDEX(INDIRECT("Data!C"&$K$5,FALSE),MATCH(BD16,Data!$A:$A,0)),$BX$12)),"-") -> 31 | BN16: =IF(AND(BE16>=$AC$4,BE16<=$AU$4),IF(""=IFERROR(INDEX(INDIRECT("Data!C"&$K$5,FALSE),MATCH(BE16,Data!$A:$A,0)),$BX$12),$BX$11,IFERROR(INDEX(INDIRECT("Data!C"&$K$5,FALSE),MATCH(BE16,Data!$A:$A,0)),$BX$12)),"-") -> 432 | BO16: =IF(AND(BF16>=$AC$4,BF16<=$AU$4),IF(""=IFERROR(INDEX(INDIRECT("Data!C"&$K$5,FALSE),MATCH(BF16,Data!$A:$A,0)),$BX$12),$BX$11,IFERROR(INDEX(INDIRECT("Data!C"&$K$5,FALSE),MATCH(BF16,Data!$A:$A,0)),$BX$12)),"-") -> 283 | BP16: =IF(AND(BG16>=$AC$4,BG16<=$AU$4),IF(""=IFERROR(INDEX(INDIRECT("Data!C"&$K$5,FALSE),MATCH(BG16,Data!$A:$A,0)),$BX$12),$BX$11,IFERROR(INDEX(INDIRECT("Data!C"&$K$5,FALSE),MATCH(BG16,Data!$A:$A,0)),$BX$12)),"-") -> 304 | BQ16: =IF(AND(BH16>=$AC$4,BH16<=$AU$4),IF(""=IFERROR(INDEX(INDIRECT("Data!C"&$K$5,FALSE),MATCH(BH16,Data!$A:$A,0)),$BX$12),$BX$11,IFERROR(INDEX(INDIRECT("Data!C"&$K$5,FALSE),MATCH(BH16,Data!$A:$A,0)),$BX$12)),"-") -> 228 | BR16: =IF(AND(BI16>=$AC$4,BI16<=$AU$4),IF(""=IFERROR(INDEX(INDIRECT("Data!C"&$K$5,FALSE),MATCH(BI16,Data!$A:$A,0)),$BX$12),$BX$11,IFERROR(INDEX(INDIRECT("Data!C"&$K$5,FALSE),MATCH(BI16,Data!$A:$A,0)),$BX$12)),"-") -> 165 | BS16: =IF(AND(BJ16>=$AC$4,BJ16<=$AU$4),IF(""=IFERROR(INDEX(INDIRECT("Data!C"&$K$5,FALSE),MATCH(BJ16,Data!$A:$A,0)),$BX$12),$BX$11,IFERROR(INDEX(INDIRECT("Data!C"&$K$5,FALSE),MATCH(BJ16,Data!$A:$A,0)),$BX$12)),"-") -> 89 | BU16: =AVERAGE(K16:Q16,AC16:AI16,AU16:BA16,BM16:BS16) -> 179.28571 | BW16: The conditional formatting is applied
B17: =B16+7 -> 40944 | C17: =B17+1 -> 40945 | D17: =C17+1 -> 40946 | E17: =D17+1 -> 40947 | F17: =E17+1 -> 40948 | G17: =F17+1 -> 40949 | H17: =G17+1 -> 40950 | J17: {=IFERROR(IF(MATCH(8,DAY(B17:H17),0),H17,""),"")} -> 40950 | K17: =IF(AND(B17>=$AC$4,B17<=$AU$4),IF(""=IFERROR(INDEX(INDIRECT("Data!C"&$K$5,FALSE),MATCH(B17,Data!$A:$A,0)),$BX$12),$BX$11,IFERROR(INDEX(INDIRECT("Data!C"&$K$5,FALSE),MATCH(B17,Data!$A:$A,0)),$BX$12)),"-") -> 29 | L17: =IF(AND(C17>=$AC$4,C17<=$AU$4),IF(""=IFERROR(INDEX(INDIRECT("Data!C"&$K$5,FALSE),MATCH(C17,Data!$A:$A,0)),$BX$12),$BX$11,IFERROR(INDEX(INDIRECT("Data!C"&$K$5,FALSE),MATCH(C17,Data!$A:$A,0)),$BX$12)),"-") -> 311 | M17: =IF(AND(D17>=$AC$4,D17<=$AU$4),IF(""=IFERROR(INDEX(INDIRECT("Data!C"&$K$5,FALSE),MATCH(D17,Data!$A:$A,0)),$BX$12),$BX$11,IFERROR(INDEX(INDIRECT("Data!C"&$K$5,FALSE),MATCH(D17,Data!$A:$A,0)),$BX$12)),"-") -> 260 | N17: =IF(AND(E17>=$AC$4,E17<=$AU$4),IF(""=IFERROR(INDEX(INDIRECT("Data!C"&$K$5,FALSE),MATCH(E17,Data!$A:$A,0)),$BX$12),$BX$11,IFERROR(INDEX(INDIRECT("Data!C"&$K$5,FALSE),MATCH(E17,Data!$A:$A,0)),$BX$12)),"-") -> 226 | O17: =IF(AND(F17>=$AC$4,F17<=$AU$4),IF(""=IFERROR(INDEX(INDIRECT("Data!C"&$K$5,FALSE),MATCH(F17,Data!$A:$A,0)),$BX$12),$BX$11,IFERROR(INDEX(INDIRECT("Data!C"&$K$5,FALSE),MATCH(F17,Data!$A:$A,0)),$BX$12)),"-") -> 223 | P17: =IF(AND(G17>=$AC$4,G17<=$AU$4),IF(""=IFERROR(INDEX(INDIRECT("Data!C"&$K$5,FALSE),MATCH(G17,Data!$A:$A,0)),$BX$12),$BX$11,IFERROR(INDEX(INDIRECT("Data!C"&$K$5,FALSE),MATCH(G17,Data!$A:$A,0)),$BX$12)),"-") -> 219 | Q17: =IF(AND(H17>=$AC$4,H17<=$AU$4),IF(""=IFERROR(INDEX(INDIRECT("Data!C"&$K$5,FALSE),MATCH(H17,Data!$A:$A,0)),$BX$12),$BX$11,IFERROR(INDEX(INDIRECT("Data!C"&$K$5,FALSE),MATCH(H17,Data!$A:$A,0)),$BX$12)),"-") -> 51 | T17: =T16+7 -> 41308 | U17: =T17+1 -> 41309 | V17: =U17+1 -> 41310 | W17: =V17+1 -> 41311 | X17: =W17+1 -> 41312 | Y17: =X17+1 -> 41313 | Z17: =Y17+1 -> 41314 | AB17: {=IFERROR(IF(MATCH(8,DAY(T17:Z17),0),Z17,""),"")} -> 41314 | AC17: =IF(AND(T17>=$AC$4,T17<=$AU$4),IF(""=IFERROR(INDEX(INDIRECT("Data!C"&$K$5,FALSE),MATCH(T17,Data!$A:$A,0)),$BX$12),$BX$11,IFERROR(INDEX(INDIRECT("Data!C"&$K$5,FALSE),MATCH(T17,Data!$A:$A,0)),$BX$12)),"-") -> 40 | AD17: =IF(AND(U17>=$AC$4,U17<=$AU$4),IF(""=IFERROR(INDEX(INDIRECT("Data!C"&$K$5,FALSE),MATCH(U17,Data!$A:$A,0)),$BX$12),$BX$11,IFERROR(INDEX(INDIRECT("Data!C"&$K$5,FALSE),MATCH(U17,Data!$A:$A,0)),$BX$12)),"-") -> 428 | AE17: =IF(AND(V17>=$AC$4,V17<=$AU$4),IF(""=IFERROR(INDEX(INDIRECT("Data!C"&$K$5,FALSE),MATCH(V17,Data!$A:$A,0)),$BX$12),$BX$11,IFERROR(INDEX(INDIRECT("Data!C"&$K$5,FALSE),MATCH(V17,Data!$A:$A,0)),$BX$12)),"-") -> 393 | AF17: =IF(AND(W17>=$AC$4,W17<=$AU$4),IF(""=IFERROR(INDEX(INDIRECT("Data!C"&$K$5,FALSE),MATCH(W17,Data!$A:$A,0)),$BX$12),$BX$11,IFERROR(INDEX(INDIRECT("Data!C"&$K$5,FALSE),MATCH(W17,Data!$A:$A,0)),$BX$12)),"-") -> 237 | AG17: =IF(AND(X17>=$AC$4,X17<=$AU$4),IF(""=IFERROR(INDEX(INDIRECT("Data!C"&$K$5,FALSE),MATCH(X17,Data!$A:$A,0)),$BX$12),$BX$11,IFERROR(INDEX(INDIRECT("Data!C"&$K$5,FALSE),MATCH(X17,Data!$A:$A,0)),$BX$12)),"-") -> 288 | AH17: =IF(AND(Y17>=$AC$4,Y17<=$AU$4),IF(""=IFERROR(INDEX(INDIRECT("Data!C"&$K$5,FALSE),MATCH(Y17,Data!$A:$A,0)),$BX$12),$BX$11,IFERROR(INDEX(INDIRECT("Data!C"&$K$5,FALSE),MATCH(Y17,Data!$A:$A,0)),$BX$12)),"-") -> 209 | AI17: =IF(AND(Z17>=$AC$4,Z17<=$AU$4),IF(""=IFERROR(INDEX(INDIRECT("Data!C"&$K$5,FALSE),MATCH(Z17,Data!$A:$A,0)),$BX$12),$BX$11,IFERROR(INDEX(INDIRECT("Data!C"&$K$5,FALSE),MATCH(Z17,Data!$A:$A,0)),$BX$12)),"-") -> 61 | AL17: =AL16+7 -> 41672 | AM17: =AL17+1 -> 41673 | AN17: =AM17+1 -> 41674 | AO17: =AN17+1 -> 41675 | AP17: =AO17+1 -> 41676 | AQ17: =AP17+1 -> 41677 | AR17: =AQ17+1 -> 41678 | AT17: {=IFERROR(IF(MATCH(8,DAY(AL17:AR17),0),AR17,""),"")} -> 41678 | AU17: =IF(AND(AL17>=$AC$4,AL17<=$AU$4),IF(""=IFERROR(INDEX(INDIRECT("Data!C"&$K$5,FALSE),MATCH(AL17,Data!$A:$A,0)),$BX$12),$BX$11,IFERROR(INDEX(INDIRECT("Data!C"&$K$5,FALSE),MATCH(AL17,Data!$A:$A,0)),$BX$12)),"-") -> 40 | AV17: =IF(AND(AM17>=$AC$4,AM17<=$AU$4),IF(""=IFERROR(INDEX(INDIRECT("Data!C"&$K$5,FALSE),MATCH(AM17,Data!$A:$A,0)),$BX$12),$BX$11,IFERROR(INDEX(INDIRECT("Data!C"&$K$5,FALSE),MATCH(AM17,Data!$A:$A,0)),$BX$12)),"-") -> 449 | AW17: =IF(AND(AN17>=$AC$4,AN17<=$AU$4),IF(""=IFERROR(INDEX(INDIRECT("Data!C"&$K$5,FALSE),MATCH(AN17,Data!$A:$A,0)),$BX$12),$BX$11,IFERROR(INDEX(INDIRECT("Data!C"&$K$5,FALSE),MATCH(AN17,Data!$A:$A,0)),$BX$12)),"-") -> 406 | AX17: =IF(AND(AO17>=$AC$4,AO17<=$AU$4),IF(""=IFERROR(INDEX(INDIRECT("Data!C"&$K$5,FALSE),MATCH(AO17,Data!$A:$A,0)),$BX$12),$BX$11,IFERROR(INDEX(INDIRECT("Data!C"&$K$5,FALSE),MATCH(AO17,Data!$A:$A,0)),$BX$12)),"-") -> 369 | AY17: =IF(AND(AP17>=$AC$4,AP17<=$AU$4),IF(""=IFERROR(INDEX(INDIRECT("Data!C"&$K$5,FALSE),MATCH(AP17,Data!$A:$A,0)),$BX$12),$BX$11,IFERROR(INDEX(INDIRECT("Data!C"&$K$5,FALSE),MATCH(AP17,Data!$A:$A,0)),$BX$12)),"-") -> 272 | AZ17: =IF(AND(AQ17>=$AC$4,AQ17<=$AU$4),IF(""=IFERROR(INDEX(INDIRECT("Data!C"&$K$5,FALSE),MATCH(AQ17,Data!$A:$A,0)),$BX$12),$BX$11,IFERROR(INDEX(INDIRECT("Data!C"&$K$5,FALSE),MATCH(AQ17,Data!$A:$A,0)),$BX$12)),"-") -> 228 | BA17: =IF(AND(AR17>=$AC$4,AR17<=$AU$4),IF(""=IFERROR(INDEX(INDIRECT("Data!C"&$K$5,FALSE),MATCH(AR17,Data!$A:$A,0)),$BX$12),$BX$11,IFERROR(INDEX(INDIRECT("Data!C"&$K$5,FALSE),MATCH(AR17,Data!$A:$A,0)),$BX$12)),"-") -> 72 | BD17: =BD16+7 -> 42036 | BE17: =BD17+1 -> 42037 | BF17: =BE17+1 -> 42038 | BG17: =BF17+1 -> 42039 | BH17: =BG17+1 -> 42040 | BI17: =BH17+1 -> 42041 | BJ17: =BI17+1 -> 42042 | BL17: {=IFERROR(IF(MATCH(8,DAY(BD17:BJ17),0),BJ17,""),"")} | BM17: =IF(AND(BD17>=$AC$4,BD17<=$AU$4),IF(""=IFERROR(INDEX(INDIRECT("Data!C"&$K$5,FALSE),MATCH(BD17,Data!$A:$A,0)),$BX$12),$BX$11,IFERROR(INDEX(INDIRECT("Data!C"&$K$5,FALSE),MATCH(BD17,Data!$A:$A,0)),$BX$12)),"-") -> 27 | BN17: =IF(AND(BE17>=$AC$4,BE17<=$AU$4),IF(""=IFERROR(INDEX(INDIRECT("Data!C"&$K$5,FALSE),MATCH(BE17,Data!$A:$A,0)),$BX$12),$BX$11,IFERROR(INDEX(INDIRECT("Data!C"&$K$5,FALSE),MATCH(BE17,Data!$A:$A,0)),$BX$12)),"-") -> 309 | BO17: =IF(AND(BF17>=$AC$4,BF17<=$AU$4),IF(""=IFERROR(INDEX(INDIRECT("Data!C"&$K$5,FALSE),MATCH(BF17,Data!$A:$A,0)),$BX$12),$BX$11,IFERROR(INDEX(INDIRECT("Data!C"&$K$5,FALSE),MATCH(BF17,Data!$A:$A,0)),$BX$12)),"-") -> 258 | BP17: =IF(AND(BG17>=$AC$4,BG17<=$AU$4),IF(""=IFERROR(INDEX(INDIRECT("Data!C"&$K$5,FALSE),MATCH(BG17,Data!$A:$A,0)),$BX$12),$BX$11,IFERROR(INDEX(INDIRECT("Data!C"&$K$5,FALSE),MATCH(BG17,Data!$A:$A,0)),$BX$12)),"-") -> 290 | BQ17: =IF(AND(BH17>=$AC$4,BH17<=$AU$4),IF(""=IFERROR(INDEX(INDIRECT("Data!C"&$K$5,FALSE),MATCH(BH17,Data!$A:$A,0)),$BX$12),$BX$11,IFERROR(INDEX(INDIRECT("Data!C"&$K$5,FALSE),MATCH(BH17,Data!$A:$A,0)),$BX$12)),"-") -> 233 | BR17: =IF(AND(BI17>=$AC$4,BI17<=$AU$4),IF(""=IFERROR(INDEX(INDIRECT("Data!C"&$K$5,FALSE),MATCH(BI17,Data!$A:$A,0)),$BX$12),$BX$11,IFERROR(INDEX(INDIRECT("Data!C"&$K$5,FALSE),MATCH(BI17,Data!$A:$A,0)),$BX$12)),"-") -> 270 | BS17: =IF(AND(BJ17>=$AC$4,BJ17<=$AU$4),IF(""=IFERROR(INDEX(INDIRECT("Data!C"&$K$5,FALSE),MATCH(BJ17,Data!$A:$A,0)),$BX$12),$BX$11,IFERROR(INDEX(INDIRECT("Data!C"&$K$5,FALSE),MATCH(BJ17,Data!$A:$A,0)),$BX$12)),"-") -> 93 | BU17: =AVERAGE(K17:Q17,AC17:AI17,AU17:BA17,BM17:BS17) -> 224.67857 | BW17: to the Max/Min/Median/Avg values in
B18: =B17+7 -> 40951 | C18: =B18+1 -> 40952 | D18: =C18+1 -> 40953 | E18: =D18+1 -> 40954 | F18: =E18+1 -> 40955 | G18: =F18+1 -> 40956 | H18: =G18+1 -> 40957 | J18: {=IFERROR(IF(MATCH(8,DAY(B18:H18),0),H18,""),"")} | K18: =IF(AND(B18>=$AC$4,B18<=$AU$4),IF(""=IFERROR(INDEX(INDIRECT("Data!C"&$K$5,FALSE),MATCH(B18,Data!$A:$A,0)),$BX$12),$BX$11,IFERROR(INDEX(INDIRECT("Data!C"&$K$5,FALSE),MATCH(B18,Data!$A:$A,0)),$BX$12)),"-") -> 43 | L18: =IF(AND(C18>=$AC$4,C18<=$AU$4),IF(""=IFERROR(INDEX(INDIRECT("Data!C"&$K$5,FALSE),MATCH(C18,Data!$A:$A,0)),$BX$12),$BX$11,IFERROR(INDEX(INDIRECT("Data!C"&$K$5,FALSE),MATCH(C18,Data!$A:$A,0)),$BX$12)),"-") -> 263 | M18: =IF(AND(D18>=$AC$4,D18<=$AU$4),IF(""=IFERROR(INDEX(INDIRECT("Data!C"&$K$5,FALSE),MATCH(D18,Data!$A:$A,0)),$BX$12),$BX$11,IFERROR(INDEX(INDIRECT("Data!C"&$K$5,FALSE),MATCH(D18,Data!$A:$A,0)),$BX$12)),"-") -> 233 | N18: =IF(AND(E18>=$AC$4,E18<=$AU$4),IF(""=IFERROR(INDEX(INDIRECT("Data!C"&$K$5,FALSE),MATCH(E18,Data!$A:$A,0)),$BX$12),$BX$11,IFERROR(INDEX(INDIRECT("Data!C"&$K$5,FALSE),MATCH(E18,Data!$A:$A,0)),$BX$12)),"-") -> 331 | O18: =IF(AND(F18>=$AC$4,F18<=$AU$4),IF(""=IFERROR(INDEX(INDIRECT("Data!C"&$K$5,FALSE),MATCH(F18,Data!$A:$A,0)),$BX$12),$BX$11,IFERROR(INDEX(INDIRECT("Data!C"&$K$5,FALSE),MATCH(F18,Data!$A:$A,0)),$BX$12)),"-") -> 295 | P18: =IF(AND(G18>=$AC$4,G18<=$AU$4),IF(""=IFERROR(INDEX(INDIRECT("Data!C"&$K$5,FALSE),MATCH(G18,Data!$A:$A,0)),$BX$12),$BX$11,IFERROR(INDEX(INDIRECT("Data!C"&$K$5,FALSE),MATCH(G18,Data!$A:$A,0)),$BX$12)),"-") -> 172 | Q18: =IF(AND(H18>=$AC$4,H18<=$AU$4),IF(""=IFERROR(INDEX(INDIRECT("Data!C"&$K$5,FALSE),MATCH(H18,Data!$A:$A,0)),$BX$12),$BX$11,IFERROR(INDEX(INDIRECT("Data!C"&$K$5,FALSE),MATCH(H18,Data!$A:$A,0)),$BX$12)),"-") -> 68 | T18: =T17+7 -> 41315 | U18: =T18+1 -> 41316 | V18: =U18+1 -> 41317 | W18: =V18+1 -> 41318 | X18: =W18+1 -> 41319 | Y18: =X18+1 -> 41320 | Z18: =Y18+1 -> 41321 | AB18: {=IFERROR(IF(MATCH(8,DAY(T18:Z18),0),Z18,""),"")} | AC18: =IF(AND(T18>=$AC$4,T18<=$AU$4),IF(""=IFERROR(INDEX(INDIRECT("Data!C"&$K$5,FALSE),MATCH(T18,Data!$A:$A,0)),$BX$12),$BX$11,IFERROR(INDEX(INDIRECT("Data!C"&$K$5,FALSE),MATCH(T18,Data!$A:$A,0)),$BX$12)),"-") -> 30 | AD18: =IF(AND(U18>=$AC$4,U18<=$AU$4),IF(""=IFERROR(INDEX(INDIRECT("Data!C"&$K$5,FALSE),MATCH(U18,Data!$A:$A,0)),$BX$12),$BX$11,IFERROR(INDEX(INDIRECT("Data!C"&$K$5,FALSE),MATCH(U18,Data!$A:$A,0)),$BX$12)),"-") -> 392 | AE18: =IF(AND(V18>=$AC$4,V18<=$AU$4),IF(""=IFERROR(INDEX(INDIRECT("Data!C"&$K$5,FALSE),MATCH(V18,Data!$A:$A,0)),$BX$12),$BX$11,IFERROR(INDEX(INDIRECT("Data!C"&$K$5,FALSE),MATCH(V18,Data!$A:$A,0)),$BX$12)),"-") -> 316 | AF18: =IF(AND(W18>=$AC$4,W18<=$AU$4),IF(""=IFERROR(INDEX(INDIRECT("Data!C"&$K$5,FALSE),MATCH(W18,Data!$A:$A,0)),$BX$12),$BX$11,IFERROR(INDEX(INDIRECT("Data!C"&$K$5,FALSE),MATCH(W18,Data!$A:$A,0)),$BX$12)),"-") -> 325 | AG18: =IF(AND(X18>=$AC$4,X18<=$AU$4),IF(""=IFERROR(INDEX(INDIRECT("Data!C"&$K$5,FALSE),MATCH(X18,Data!$A:$A,0)),$BX$12),$BX$11,IFERROR(INDEX(INDIRECT("Data!C"&$K$5,FALSE),MATCH(X18,Data!$A:$A,0)),$BX$12)),"-") -> 265 | AH18: =IF(AND(Y18>=$AC$4,Y18<=$AU$4),IF(""=IFERROR(INDEX(INDIRECT("Data!C"&$K$5,FALSE),MATCH(Y18,Data!$A:$A,0)),$BX$12),$BX$11,IFERROR(INDEX(INDIRECT("Data!C"&$K$5,FALSE),MATCH(Y18,Data!$A:$A,0)),$BX$12)),"-") -> 191 | AI18: =IF(AND(Z18>=$AC$4,Z18<=$AU$4),IF(""=IFERROR(INDEX(INDIRECT("Data!C"&$K$5,FALSE),MATCH(Z18,Data!$A:$A,0)),$BX$12),$BX$11,IFERROR(INDEX(INDIRECT("Data!C"&$K$5,FALSE),MATCH(Z18,Data!$A:$A,0)),$BX$12)),"-") -> 74 | AL18: =AL17+7 -> 41679 | AM18: =AL18+1 -> 41680 | AN18: =AM18+1 -> 41681 | AO18: =AN18+1 -> 41682 | AP18: =AO18+1 -> 41683 | AQ18: =AP18+1 -> 41684 | AR18: =AQ18+1 -> 41685 | AT18: {=IFERROR(IF(MATCH(8,DAY(AL18:AR18),0),AR18,""),"")} | AU18: =IF(AND(AL18>=$AC$4,AL18<=$AU$4),IF(""=IFERROR(INDEX(INDIRECT("Data!C"&$K$5,FALSE),MATCH(AL18,Data!$A:$A,0)),$BX$12),$BX$11,IFERROR(INDEX(INDIRECT("Data!C"&$K$5,FALSE),MATCH(AL18,Data!$A:$A,0)),$BX$12)),"-") -> 30 | AV18: =IF(AND(AM18>=$AC$4,AM18<=$AU$4),IF(""=IFERROR(INDEX(INDIRECT("Data!C"&$K$5,FALSE),MATCH(AM18,Data!$A:$A,0)),$BX$12),$BX$11,IFERROR(INDEX(INDIRECT("Data!C"&$K$5,FALSE),MATCH(AM18,Data!$A:$A,0)),$BX$12)),"-") -> 413 | AW18: =IF(AND(AN18>=$AC$4,AN18<=$AU$4),IF(""=IFERROR(INDEX(INDIRECT("Data!C"&$K$5,FALSE),MATCH(AN18,Data!$A:$A,0)),$BX$12),$BX$11,IFERROR(INDEX(INDIRECT("Data!C"&$K$5,FALSE),MATCH(AN18,Data!$A:$A,0)),$BX$12)),"-") -> 410 | AX18: =IF(AND(AO18>=$AC$4,AO18<=$AU$4),IF(""=IFERROR(INDEX(INDIRECT("Data!C"&$K$5,FALSE),MATCH(AO18,Data!$A:$A,0)),$BX$12),$BX$11,IFERROR(INDEX(INDIRECT("Data!C"&$K$5,FALSE),MATCH(AO18,Data!$A:$A,0)),$BX$12)),"-") -> 271 | AY18: =IF(AND(AP18>=$AC$4,AP18<=$AU$4),IF(""=IFERROR(INDEX(INDIRECT("Data!C"&$K$5,FALSE),MATCH(AP18,Data!$A:$A,0)),$BX$12),$BX$11,IFERROR(INDEX(INDIRECT("Data!C"&$K$5,FALSE),MATCH(AP18,Data!$A:$A,0)),$BX$12)),"-") -> 207 | AZ18: =IF(AND(AQ18>=$AC$4,AQ18<=$AU$4),IF(""=IFERROR(INDEX(INDIRECT("Data!C"&$K$5,FALSE),MATCH(AQ18,Data!$A:$A,0)),$BX$12),$BX$11,IFERROR(INDEX(INDIRECT("Data!C"&$K$5,FALSE),MATCH(AQ18,Data!$A:$A,0)),$BX$12)),"-") -> 236 | BA18: =IF(AND(AR18>=$AC$4,AR18<=$AU$4),IF(""=IFERROR(INDEX(INDIRECT("Data!C"&$K$5,FALSE),MATCH(AR18,Data!$A:$A,0)),$BX$12),$BX$11,IFERROR(INDEX(INDIRECT("Data!C"&$K$5,FALSE),MATCH(AR18,Data!$A:$A,0)),$BX$12)),"-") -> 70 | BD18: =BD17+7 -> 42043 | BE18: =BD18+1 -> 42044 | BF18: =BE18+1 -> 42045 | BG18: =BF18+1 -> 42046 | BH18: =BG18+1 -> 42047 | BI18: =BH18+1 -> 42048 | BJ18: =BI18+1 -> 42049 | BL18: {=IFERROR(IF(MATCH(8,DAY(BD18:BJ18),0),BJ18,""),"")} -> 42049 | BM18: =IF(AND(BD18>=$AC$4,BD18<=$AU$4),IF(""=IFERROR(INDEX(INDIRECT("Data!C"&$K$5,FALSE),MATCH(BD18,Data!$A:$A,0)),$BX$12),$BX$11,IFERROR(INDEX(INDIRECT("Data!C"&$K$5,FALSE),MATCH(BD18,Data!$A:$A,0)),$BX$12)),"-") -> 36 | BN18: =IF(AND(BE18>=$AC$4,BE18<=$AU$4),IF(""=IFERROR(INDEX(INDIRECT("Data!C"&$K$5,FALSE),MATCH(BE18,Data!$A:$A,0)),$BX$12),$BX$11,IFERROR(INDEX(INDIRECT("Data!C"&$K$5,FALSE),MATCH(BE18,Data!$A:$A,0)),$BX$12)),"-") -> 430 | BO18: =IF(AND(BF18>=$AC$4,BF18<=$AU$4),IF(""=IFERROR(INDEX(INDIRECT("Data!C"&$K$5,FALSE),MATCH(BF18,Data!$A:$A,0)),$BX$12),$BX$11,IFERROR(INDEX(INDIRECT("Data!C"&$K$5,FALSE),MATCH(BF18,Data!$A:$A,0)),$BX$12)),"-") -> 425 | BP18: =IF(AND(BG18>=$AC$4,BG18<=$AU$4),IF(""=IFERROR(INDEX(INDIRECT("Data!C"&$K$5,FALSE),MATCH(BG18,Data!$A:$A,0)),$BX$12),$BX$11,IFERROR(INDEX(INDIRECT("Data!C"&$K$5,FALSE),MATCH(BG18,Data!$A:$A,0)),$BX$12)),"-") -> 390 | BQ18: =IF(AND(BH18>=$AC$4,BH18<=$AU$4),IF(""=IFERROR(INDEX(INDIRECT("Data!C"&$K$5,FALSE),MATCH(BH18,Data!$A:$A,0)),$BX$12),$BX$11,IFERROR(INDEX(INDIRECT("Data!C"&$K$5,FALSE),MATCH(BH18,Data!$A:$A,0)),$BX$12)),"-") -> 237 | BR18: =IF(AND(BI18>=$AC$4,BI18<=$AU$4),IF(""=IFERROR(INDEX(INDIRECT("Data!C"&$K$5,FALSE),MATCH(BI18,Data!$A:$A,0)),$BX$12),$BX$11,IFERROR(INDEX(INDIRECT("Data!C"&$K$5,FALSE),MATCH(BI18,Data!$A:$A,0)),$BX$12)),"-") -> 263 | BS18: =IF(AND(BJ18>=$AC$4,BJ18<=$AU$4),IF(""=IFERROR(INDEX(INDIRECT("Data!C"&$K$5,FALSE),MATCH(BJ18,Data!$A:$A,0)),$BX$12),$BX$11,IFERROR(INDEX(INDIRECT("Data!C"&$K$5,FALSE),MATCH(BJ18,Data!$A:$A,0)),$BX$12)),"-") -> 62 | BU18: =AVERAGE(K18:Q18,AC18:AI18,AU18:BA18,BM18:BS18) -> 231.35714 | BW18: the header, but this does not mean that
B19: =B18+7 -> 40958 | C19: =B19+1 -> 40959 | D19: =C19+1 -> 40960 | E19: =D19+1 -> 40961 | F19: =E19+1 -> 40962 | G19: =F19+1 -> 40963 | H19: =G19+1 -> 40964 | J19: {=IFERROR(IF(MATCH(8,DAY(B19:H19),0),H19,""),"")} | K19: =IF(AND(B19>=$AC$4,B19<=$AU$4),IF(""=IFERROR(INDEX(INDIRECT("Data!C"&$K$5,FALSE),MATCH(B19,Data!$A:$A,0)),$BX$12),$BX$11,IFERROR(INDEX(INDIRECT("Data!C"&$K$5,FALSE),MATCH(B19,Data!$A:$A,0)),$BX$12)),"-") -> 39 | L19: =IF(AND(C19>=$AC$4,C19<=$AU$4),IF(""=IFERROR(INDEX(INDIRECT("Data!C"&$K$5,FALSE),MATCH(C19,Data!$A:$A,0)),$BX$12),$BX$11,IFERROR(INDEX(INDIRECT("Data!C"&$K$5,FALSE),MATCH(C19,Data!$A:$A,0)),$BX$12)),"-") -> 385 | M19: =IF(AND(D19>=$AC$4,D19<=$AU$4),IF(""=IFERROR(INDEX(INDIRECT("Data!C"&$K$5,FALSE),MATCH(D19,Data!$A:$A,0)),$BX$12),$BX$11,IFERROR(INDEX(INDIRECT("Data!C"&$K$5,FALSE),MATCH(D19,Data!$A:$A,0)),$BX$12)),"-") -> 425 | N19: =IF(AND(E19>=$AC$4,E19<=$AU$4),IF(""=IFERROR(INDEX(INDIRECT("Data!C"&$K$5,FALSE),MATCH(E19,Data!$A:$A,0)),$BX$12),$BX$11,IFERROR(INDEX(INDIRECT("Data!C"&$K$5,FALSE),MATCH(E19,Data!$A:$A,0)),$BX$12)),"-") -> 364 | O19: =IF(AND(F19>=$AC$4,F19<=$AU$4),IF(""=IFERROR(INDEX(INDIRECT("Data!C"&$K$5,FALSE),MATCH(F19,Data!$A:$A,0)),$BX$12),$BX$11,IFERROR(INDEX(INDIRECT("Data!C"&$K$5,FALSE),MATCH(F19,Data!$A:$A,0)),$BX$12)),"-") -> 226 | P19: =IF(AND(G19>=$AC$4,G19<=$AU$4),IF(""=IFERROR(INDEX(INDIRECT("Data!C"&$K$5,FALSE),MATCH(G19,Data!$A:$A,0)),$BX$12),$BX$11,IFERROR(INDEX(INDIRECT("Data!C"&$K$5,FALSE),MATCH(G19,Data!$A:$A,0)),$BX$12)),"-") -> 264 | Q19: =IF(AND(H19>=$AC$4,H19<=$AU$4),IF(""=IFERROR(INDEX(INDIRECT("Data!C"&$K$5,FALSE),MATCH(H19,Data!$A:$A,0)),$BX$12),$BX$11,IFERROR(INDEX(INDIRECT("Data!C"&$K$5,FALSE),MATCH(H19,Data!$A:$A,0)),$BX$12)),"-") -> 74 | T19: =T18+7 -> 41322 | U19: =T19+1 -> 41323 | V19: =U19+1 -> 41324 | W19: =V19+1 -> 41325 | X19: =W19+1 -> 41326 | Y19: =X19+1 -> 41327 | Z19: =Y19+1 -> 41328 | AB19: {=IFERROR(IF(MATCH(8,DAY(T19:Z19),0),Z19,""),"")} | AC19: =IF(AND(T19>=$AC$4,T19<=$AU$4),IF(""=IFERROR(INDEX(INDIRECT("Data!C"&$K$5,FALSE),MATCH(T19,Data!$A:$A,0)),$BX$12),$BX$11,IFERROR(INDEX(INDIRECT("Data!C"&$K$5,FALSE),MATCH(T19,Data!$A:$A,0)),$BX$12)),"-") -> 37 | AD19: =IF(AND(U19>=$AC$4,U19<=$AU$4),IF(""=IFERROR(INDEX(INDIRECT("Data!C"&$K$5,FALSE),MATCH(U19,Data!$A:$A,0)),$BX$12),$BX$11,IFERROR(INDEX(INDIRECT("Data!C"&$K$5,FALSE),MATCH(U19,Data!$A:$A,0)),$BX$12)),"-") -> 314 | AE19: =IF(AND(V19>=$AC$4,V19<=$AU$4),IF(""=IFERROR(INDEX(INDIRECT("Data!C"&$K$5,FALSE),MATCH(V19,Data!$A:$A,0)),$BX$12),$BX$11,IFERROR(INDEX(INDIRECT("Data!C"&$K$5,FALSE),MATCH(V19,Data!$A:$A,0)),$BX$12)),"-") -> 306 | AF19: =IF(AND(W19>=$AC$4,W19<=$AU$4),IF(""=IFERROR(INDEX(INDIRECT("Data!C"&$K$5,FALSE),MATCH(W19,Data!$A:$A,0)),$BX$12),$BX$11,IFERROR(INDEX(INDIRECT("Data!C"&$K$5,FALSE),MATCH(W19,Data!$A:$A,0)),$BX$12)),"-") -> 361 | AG19: =IF(AND(X19>=$AC$4,X19<=$AU$4),IF(""=IFERROR(INDEX(INDIRECT("Data!C"&$K$5,FALSE),MATCH(X19,Data!$A:$A,0)),$BX$12),$BX$11,IFERROR(INDEX(INDIRECT("Data!C"&$K$5,FALSE),MATCH(X19,Data!$A:$A,0)),$BX$12)),"-") -> 237 | AH19: =IF(AND(Y19>=$AC$4,Y19<=$AU$4),IF(""=IFERROR(INDEX(INDIRECT("Data!C"&$K$5,FALSE),MATCH(Y19,Data!$A:$A,0)),$BX$12),$BX$11,IFERROR(INDEX(INDIRECT("Data!C"&$K$5,FALSE),MATCH(Y19,Data!$A:$A,0)),$BX$12)),"-") -> 185 | AI19: =IF(AND(Z19>=$AC$4,Z19<=$AU$4),IF(""=IFERROR(INDEX(INDIRECT("Data!C"&$K$5,FALSE),MATCH(Z19,Data!$A:$A,0)),$BX$12),$BX$11,IFERROR(INDEX(INDIRECT("Data!C"&$K$5,FALSE),MATCH(Z19,Data!$A:$A,0)),$BX$12)),"-") -> 90 | AL19: =AL18+7 -> 41686 | AM19: =AL19+1 -> 41687 | AN19: =AM19+1 -> 41688 | AO19: =AN19+1 -> 41689 | AP19: =AO19+1 -> 41690 | AQ19: =AP19+1 -> 41691 | AR19: =AQ19+1 -> 41692 | AT19: {=IFERROR(IF(MATCH(8,DAY(AL19:AR19),0),AR19,""),"")} | AU19: =IF(AND(AL19>=$AC$4,AL19<=$AU$4),IF(""=IFERROR(INDEX(INDIRECT("Data!C"&$K$5,FALSE),MATCH(AL19,Data!$A:$A,0)),$BX$12),$BX$11,IFERROR(INDEX(INDIRECT("Data!C"&$K$5,FALSE),MATCH(AL19,Data!$A:$A,0)),$BX$12)),"-") -> 48 | AV19: =IF(AND(AM19>=$AC$4,AM19<=$AU$4),IF(""=IFERROR(INDEX(INDIRECT("Data!C"&$K$5,FALSE),MATCH(AM19,Data!$A:$A,0)),$BX$12),$BX$11,IFERROR(INDEX(INDIRECT("Data!C"&$K$5,FALSE),MATCH(AM19,Data!$A:$A,0)),$BX$12)),"-") -> 401 | AW19: =IF(AND(AN19>=$AC$4,AN19<=$AU$4),IF(""=IFERROR(INDEX(INDIRECT("Data!C"&$K$5,FALSE),MATCH(AN19,Data!$A:$A,0)),$BX$12),$BX$11,IFERROR(INDEX(INDIRECT("Data!C"&$K$5,FALSE),MATCH(AN19,Data!$A:$A,0)),$BX$12)),"-") -> 300 | AX19: =IF(AND(AO19>=$AC$4,AO19<=$AU$4),IF(""=IFERROR(INDEX(INDIRECT("Data!C"&$K$5,FALSE),MATCH(AO19,Data!$A:$A,0)),$BX$12),$BX$11,IFERROR(INDEX(INDIRECT("Data!C"&$K$5,FALSE),MATCH(AO19,Data!$A:$A,0)),$BX$12)),"-") -> 285 | AY19: =IF(AND(AP19>=$AC$4,AP19<=$AU$4),IF(""=IFERROR(INDEX(INDIRECT("Data!C"&$K$5,FALSE),MATCH(AP19,Data!$A:$A,0)),$BX$12),$BX$11,IFERROR(INDEX(INDIRECT("Data!C"&$K$5,FALSE),MATCH(AP19,Data!$A:$A,0)),$BX$12)),"-") -> 247 | AZ19: =IF(AND(AQ19>=$AC$4,AQ19<=$AU$4),IF(""=IFERROR(INDEX(INDIRECT("Data!C"&$K$5,FALSE),MATCH(AQ19,Data!$A:$A,0)),$BX$12),$BX$11,IFERROR(INDEX(INDIRECT("Data!C"&$K$5,FALSE),MATCH(AQ19,Data!$A:$A,0)),$BX$12)),"-") -> 292 | BA19: =IF(AND(AR19>=$AC$4,AR19<=$AU$4),IF(""=IFERROR(INDEX(INDIRECT("Data!C"&$K$5,FALSE),MATCH(AR19,Data!$A:$A,0)),$BX$12),$BX$11,IFERROR(INDEX(INDIRECT("Data!C"&$K$5,FALSE),MATCH(AR19,Data!$A:$A,0)),$BX$12)),"-") -> 66 | BD19: =BD18+7 -> 42050 | BE19: =BD19+1 -> 42051 | BF19: =BE19+1 -> 42052 | BG19: =BF19+1 -> 42053 | BH19: =BG19+1 -> 42054 | BI19: =BH19+1 -> 42055 | BJ19: =BI19+1 -> 42056 | BL19: {=IFERROR(IF(MATCH(8,DAY(BD19:BJ19),0),BJ19,""),"")} | BM19: =IF(AND(BD19>=$AC$4,BD19<=$AU$4),IF(""=IFERROR(INDEX(INDIRECT("Data!C"&$K$5,FALSE),MATCH(BD19,Data!$A:$A,0)),$BX$12),$BX$11,IFERROR(INDEX(INDIRECT("Data!C"&$K$5,FALSE),MATCH(BD19,Data!$A:$A,0)),$BX$12)),"-") -> 46 | BN19: =IF(AND(BE19>=$AC$4,BE19<=$AU$4),IF(""=IFERROR(INDEX(INDIRECT("Data!C"&$K$5,FALSE),MATCH(BE19,Data!$A:$A,0)),$BX$12),$BX$11,IFERROR(INDEX(INDIRECT("Data!C"&$K$5,FALSE),MATCH(BE19,Data!$A:$A,0)),$BX$12)),"-") -> 322 | BO19: =IF(AND(BF19>=$AC$4,BF19<=$AU$4),IF(""=IFERROR(INDEX(INDIRECT("Data!C"&$K$5,FALSE),MATCH(BF19,Data!$A:$A,0)),$BX$12),$BX$11,IFERROR(INDEX(INDIRECT("Data!C"&$K$5,FALSE),MATCH(BF19,Data!$A:$A,0)),$BX$12)),"-") -> 379 | BP19: =IF(AND(BG19>=$AC$4,BG19<=$AU$4),IF(""=IFERROR(INDEX(INDIRECT("Data!C"&$K$5,FALSE),MATCH(BG19,Data!$A:$A,0)),$BX$12),$BX$11,IFERROR(INDEX(INDIRECT("Data!C"&$K$5,FALSE),MATCH(BG19,Data!$A:$A,0)),$BX$12)),"-") -> 294 | BQ19: =IF(AND(BH19>=$AC$4,BH19<=$AU$4),IF(""=IFERROR(INDEX(INDIRECT("Data!C"&$K$5,FALSE),MATCH(BH19,Data!$A:$A,0)),$BX$12),$BX$11,IFERROR(INDEX(INDIRECT("Data!C"&$K$5,FALSE),MATCH(BH19,Data!$A:$A,0)),$BX$12)),"-") -> 244 | BR19: =IF(AND(BI19>=$AC$4,BI19<=$AU$4),IF(""=IFERROR(INDEX(INDIRECT("Data!C"&$K$5,FALSE),MATCH(BI19,Data!$A:$A,0)),$BX$12),$BX$11,IFERROR(INDEX(INDIRECT("Data!C"&$K$5,FALSE),MATCH(BI19,Data!$A:$A,0)),$BX$12)),"-") -> 276 | BS19: =IF(AND(BJ19>=$AC$4,BJ19<=$AU$4),IF(""=IFERROR(INDEX(INDIRECT("Data!C"&$K$5,FALSE),MATCH(BJ19,Data!$A:$A,0)),$BX$12),$BX$11,IFERROR(INDEX(INDIRECT("Data!C"&$K$5,FALSE),MATCH(BJ19,Data!$A:$A,0)),$BX$12)),"-") -> 72 | BU19: =AVERAGE(K19:Q19,AC19:AI19,AU19:BA19,BM19:BS19) -> 234.96429 | BW19: the formatting rule is defined using these
B20: =B19+7 -> 40965 | C20: =B20+1 -> 40966 | D20: =C20+1 -> 40967 | E20: =D20+1 -> 40968 | F20: =E20+1 -> 40969 | G20: =F20+1 -> 40970 | H20: =G20+1 -> 40971 | J20: {=IFERROR(IF(MATCH(8,DAY(B20:H20),0),H20,""),"")} | K20: =IF(AND(B20>=$AC$4,B20<=$AU$4),IF(""=IFERROR(INDEX(INDIRECT("Data!C"&$K$5,FALSE),MATCH(B20,Data!$A:$A,0)),$BX$12),$BX$11,IFERROR(INDEX(INDIRECT("Data!C"&$K$5,FALSE),MATCH(B20,Data!$A:$A,0)),$BX$12)),"-") -> 48 | L20: =IF(AND(C20>=$AC$4,C20<=$AU$4),IF(""=IFERROR(INDEX(INDIRECT("Data!C"&$K$5,FALSE),MATCH(C20,Data!$A:$A,0)),$BX$12),$BX$11,IFERROR(INDEX(INDIRECT("Data!C"&$K$5,FALSE),MATCH(C20,Data!$A:$A,0)),$BX$12)),"-") -> 364 | M20: =IF(AND(D20>=$AC$4,D20<=$AU$4),IF(""=IFERROR(INDEX(INDIRECT("Data!C"&$K$5,FALSE),MATCH(D20,Data!$A:$A,0)),$BX$12),$BX$11,IFERROR(INDEX(INDIRECT("Data!C"&$K$5,FALSE),MATCH(D20,Data!$A:$A,0)),$BX$12)),"-") -> 438 | N20: =IF(AND(E20>=$AC$4,E20<=$AU$4),IF(""=IFERROR(INDEX(INDIRECT("Data!C"&$K$5,FALSE),MATCH(E20,Data!$A:$A,0)),$BX$12),$BX$11,IFERROR(INDEX(INDIRECT("Data!C"&$K$5,FALSE),MATCH(E20,Data!$A:$A,0)),$BX$12)),"-") -> 300 | O20: =IF(AND(F20>=$AC$4,F20<=$AU$4),IF(""=IFERROR(INDEX(INDIRECT("Data!C"&$K$5,FALSE),MATCH(F20,Data!$A:$A,0)),$BX$12),$BX$11,IFERROR(INDEX(INDIRECT("Data!C"&$K$5,FALSE),MATCH(F20,Data!$A:$A,0)),$BX$12)),"-") -> 281 | P20: =IF(AND(G20>=$AC$4,G20<=$AU$4),IF(""=IFERROR(INDEX(INDIRECT("Data!C"&$K$5,FALSE),MATCH(G20,Data!$A:$A,0)),$BX$12),$BX$11,IFERROR(INDEX(INDIRECT("Data!C"&$K$5,FALSE),MATCH(G20,Data!$A:$A,0)),$BX$12)),"-") -> 297 | Q20: =IF(AND(H20>=$AC$4,H20<=$AU$4),IF(""=IFERROR(INDEX(INDIRECT("Data!C"&$K$5,FALSE),MATCH(H20,Data!$A:$A,0)),$BX$12),$BX$11,IFERROR(INDEX(INDIRECT("Data!C"&$K$5,FALSE),MATCH(H20,Data!$A:$A,0)),$BX$12)),"-") -> 83 | T20: =T19+7 -> 41329 | U20: =T20+1 -> 41330 | V20: =U20+1 -> 41331 | W20: =V20+1 -> 41332 | X20: =W20+1 -> 41333 | Y20: =X20+1 -> 41334 | Z20: =Y20+1 -> 41335 | AB20: {=IFERROR(IF(MATCH(8,DAY(T20:Z20),0),Z20,""),"")} | AC20: =IF(AND(T20>=$AC$4,T20<=$AU$4),IF(""=IFERROR(INDEX(INDIRECT("Data!C"&$K$5,FALSE),MATCH(T20,Data!$A:$A,0)),$BX$12),$BX$11,IFERROR(INDEX(INDIRECT("Data!C"&$K$5,FALSE),MATCH(T20,Data!$A:$A,0)),$BX$12)),"-") -> 36 | AD20: =IF(AND(U20>=$AC$4,U20<=$AU$4),IF(""=IFERROR(INDEX(INDIRECT("Data!C"&$K$5,FALSE),MATCH(U20,Data!$A:$A,0)),$BX$12),$BX$11,IFERROR(INDEX(INDIRECT("Data!C"&$K$5,FALSE),MATCH(U20,Data!$A:$A,0)),$BX$12)),"-") -> 319 | AE20: =IF(AND(V20>=$AC$4,V20<=$AU$4),IF(""=IFERROR(INDEX(INDIRECT("Data!C"&$K$5,FALSE),MATCH(V20,Data!$A:$A,0)),$BX$12),$BX$11,IFERROR(INDEX(INDIRECT("Data!C"&$K$5,FALSE),MATCH(V20,Data!$A:$A,0)),$BX$12)),"-") -> 292 | AF20: =IF(AND(W20>=$AC$4,W20<=$AU$4),IF(""=IFERROR(INDEX(INDIRECT("Data!C"&$K$5,FALSE),MATCH(W20,Data!$A:$A,0)),$BX$12),$BX$11,IFERROR(INDEX(INDIRECT("Data!C"&$K$5,FALSE),MATCH(W20,Data!$A:$A,0)),$BX$12)),"-") -> 374 | AG20: =IF(AND(X20>=$AC$4,X20<=$AU$4),IF(""=IFERROR(INDEX(INDIRECT("Data!C"&$K$5,FALSE),MATCH(X20,Data!$A:$A,0)),$BX$12),$BX$11,IFERROR(INDEX(INDIRECT("Data!C"&$K$5,FALSE),MATCH(X20,Data!$A:$A,0)),$BX$12)),"-") -> 309 | AH20: =IF(AND(Y20>=$AC$4,Y20<=$AU$4),IF(""=IFERROR(INDEX(INDIRECT("Data!C"&$K$5,FALSE),MATCH(Y20,Data!$A:$A,0)),$BX$12),$BX$11,IFERROR(INDEX(INDIRECT("Data!C"&$K$5,FALSE),MATCH(Y20,Data!$A:$A,0)),$BX$12)),"-") -> 187 | AI20: =IF(AND(Z20>=$AC$4,Z20<=$AU$4),IF(""=IFERROR(INDEX(INDIRECT("Data!C"&$K$5,FALSE),MATCH(Z20,Data!$A:$A,0)),$BX$12),$BX$11,IFERROR(INDEX(INDIRECT("Data!C"&$K$5,FALSE),MATCH(Z20,Data!$A:$A,0)),$BX$12)),"-") -> 62 | AL20: =AL19+7 -> 41693 | AM20: =AL20+1 -> 41694 | AN20: =AM20+1 -> 41695 | AO20: =AN20+1 -> 41696 | AP20: =AO20+1 -> 41697 | AQ20: =AP20+1 -> 41698 | AR20: =AQ20+1 -> 41699 | AT20: {=IFERROR(IF(MATCH(8,DAY(AL20:AR20),0),AR20,""),"")} | AU20: =IF(AND(AL20>=$AC$4,AL20<=$AU$4),IF(""=IFERROR(INDEX(INDIRECT("Data!C"&$K$5,FALSE),MATCH(AL20,Data!$A:$A,0)),$BX$12),$BX$11,IFERROR(INDEX(INDIRECT("Data!C"&$K$5,FALSE),MATCH(AL20,Data!$A:$A,0)),$BX$12)),"-") -> 42 | AV20: =IF(AND(AM20>=$AC$4,AM20<=$AU$4),IF(""=IFERROR(INDEX(INDIRECT("Data!C"&$K$5,FALSE),MATCH(AM20,Data!$A:$A,0)),$BX$12),$BX$11,IFERROR(INDEX(INDIRECT("Data!C"&$K$5,FALSE),MATCH(AM20,Data!$A:$A,0)),$BX$12)),"-") -> 458 | AW20: =IF(AND(AN20>=$AC$4,AN20<=$AU$4),IF(""=IFERROR(INDEX(INDIRECT("Data!C"&$K$5,FALSE),MATCH(AN20,Data!$A:$A,0)),$BX$12),$BX$11,IFERROR(INDEX(INDIRECT("Data!C"&$K$5,FALSE),MATCH(AN20,Data!$A:$A,0)),$BX$12)),"-") -> 369 | AX20: =IF(AND(AO20>=$AC$4,AO20<=$AU$4),IF(""=IFERROR(INDEX(INDIRECT("Data!C"&$K$5,FALSE),MATCH(AO20,Data!$A:$A,0)),$BX$12),$BX$11,IFERROR(INDEX(INDIRECT("Data!C"&$K$5,FALSE),MATCH(AO20,Data!$A:$A,0)),$BX$12)),"-") -> 336 | AY20: =IF(AND(AP20>=$AC$4,AP20<=$AU$4),IF(""=IFERROR(INDEX(INDIRECT("Data!C"&$K$5,FALSE),MATCH(AP20,Data!$A:$A,0)),$BX$12),$BX$11,IFERROR(INDEX(INDIRECT("Data!C"&$K$5,FALSE),MATCH(AP20,Data!$A:$A,0)),$BX$12)),"-") -> 285 | AZ20: =IF(AND(AQ20>=$AC$4,AQ20<=$AU$4),IF(""=IFERROR(INDEX(INDIRECT("Data!C"&$K$5,FALSE),MATCH(AQ20,Data!$A:$A,0)),$BX$12),$BX$11,IFERROR(INDEX(INDIRECT("Data!C"&$K$5,FALSE),MATCH(AQ20,Data!$A:$A,0)),$BX$12)),"-") -> 255 | BA20: =IF(AND(AR20>=$AC$4,AR20<=$AU$4),IF(""=IFERROR(INDEX(INDIRECT("Data!C"&$K$5,FALSE),MATCH(AR20,Data!$A:$A,0)),$BX$12),$BX$11,IFERROR(INDEX(INDIRECT("Data!C"&$K$5,FALSE),MATCH(AR20,Data!$A:$A,0)),$BX$12)),"-") -> 63 | BD20: =BD19+7 -> 42057 | BE20: =BD20+1 -> 42058 | BF20: =BE20+1 -> 42059 | BG20: =BF20+1 -> 42060 | BH20: =BG20+1 -> 42061 | BI20: =BH20+1 -> 42062 | BJ20: =BI20+1 -> 42063 | BL20: {=IFERROR(IF(MATCH(8,DAY(BD20:BJ20),0),BJ20,""),"")} | BM20: =IF(AND(BD20>=$AC$4,BD20<=$AU$4),IF(""=IFERROR(INDEX(INDIRECT("Data!C"&$K$5,FALSE),MATCH(BD20,Data!$A:$A,0)),$BX$12),$BX$11,IFERROR(INDEX(INDIRECT("Data!C"&$K$5,FALSE),MATCH(BD20,Data!$A:$A,0)),$BX$12)),"-") -> 47 | BN20: =IF(AND(BE20>=$AC$4,BE20<=$AU$4),IF(""=IFERROR(INDEX(INDIRECT("Data!C"&$K$5,FALSE),MATCH(BE20,Data!$A:$A,0)),$BX$12),$BX$11,IFERROR(INDEX(INDIRECT("Data!C"&$K$5,FALSE),MATCH(BE20,Data!$A:$A,0)),$BX$12)),"-") -> 395 | BO20: =IF(AND(BF20>=$AC$4,BF20<=$AU$4),IF(""=IFERROR(INDEX(INDIRECT("Data!C"&$K$5,FALSE),MATCH(BF20,Data!$A:$A,0)),$BX$12),$BX$11,IFERROR(INDEX(INDIRECT("Data!C"&$K$5,FALSE),MATCH(BF20,Data!$A:$A,0)),$BX$12)),"-") -> 389 | BP20: =IF(AND(BG20>=$AC$4,BG20<=$AU$4),IF(""=IFERROR(INDEX(INDIRECT("Data!C"&$K$5,FALSE),MATCH(BG20,Data!$A:$A,0)),$BX$12),$BX$11,IFERROR(INDEX(INDIRECT("Data!C"&$K$5,FALSE),MATCH(BG20,Data!$A:$A,0)),$BX$12)),"-") -> 354 | BQ20: =IF(AND(BH20>=$AC$4,BH20<=$AU$4),IF(""=IFERROR(INDEX(INDIRECT("Data!C"&$K$5,FALSE),MATCH(BH20,Data!$A:$A,0)),$BX$12),$BX$11,IFERROR(INDEX(INDIRECT("Data!C"&$K$5,FALSE),MATCH(BH20,Data!$A:$A,0)),$BX$12)),"-") -> 283 | BR20: =IF(AND(BI20>=$AC$4,BI20<=$AU$4),IF(""=IFERROR(INDEX(INDIRECT("Data!C"&$K$5,FALSE),MATCH(BI20,Data!$A:$A,0)),$BX$12),$BX$11,IFERROR(INDEX(INDIRECT("Data!C"&$K$5,FALSE),MATCH(BI20,Data!$A:$A,0)),$BX$12)),"-") -> 239 | BS20: =IF(AND(BJ20>=$AC$4,BJ20<=$AU$4),IF(""=IFERROR(INDEX(INDIRECT("Data!C"&$K$5,FALSE),MATCH(BJ20,Data!$A:$A,0)),$BX$12),$BX$11,IFERROR(INDEX(INDIRECT("Data!C"&$K$5,FALSE),MATCH(BJ20,Data!$A:$A,0)),$BX$12)),"-") -> 58 | BU20: =AVERAGE(K20:Q20,AC20:AI20,AU20:BA20,BM20:BS20) -> 248.67857 | BW20: numbers. To edit conditional formatting
B21: =B20+7 -> 40972 | C21: =B21+1 -> 40973 | D21: =C21+1 -> 40974 | E21: =D21+1 -> 40975 | F21: =E21+1 -> 40976 | G21: =F21+1 -> 40977 | H21: =G21+1 -> 40978 | J21: {=IFERROR(IF(MATCH(8,DAY(B21:H21),0),H21,""),"")} -> 40978 | K21: =IF(AND(B21>=$AC$4,B21<=$AU$4),IF(""=IFERROR(INDEX(INDIRECT("Data!C"&$K$5,FALSE),MATCH(B21,Data!$A:$A,0)),$BX$12),$BX$11,IFERROR(INDEX(INDIRECT("Data!C"&$K$5,FALSE),MATCH(B21,Data!$A:$A,0)),$BX$12)),"-") -> 48 | L21: =IF(AND(C21>=$AC$4,C21<=$AU$4),IF(""=IFERROR(INDEX(INDIRECT("Data!C"&$K$5,FALSE),MATCH(C21,Data!$A:$A,0)),$BX$12),$BX$11,IFERROR(INDEX(INDIRECT("Data!C"&$K$5,FALSE),MATCH(C21,Data!$A:$A,0)),$BX$12)),"-") -> 475 | M21: =IF(AND(D21>=$AC$4,D21<=$AU$4),IF(""=IFERROR(INDEX(INDIRECT("Data!C"&$K$5,FALSE),MATCH(D21,Data!$A:$A,0)),$BX$12),$BX$11,IFERROR(INDEX(INDIRECT("Data!C"&$K$5,FALSE),MATCH(D21,Data!$A:$A,0)),$BX$12)),"-") -> 333 | N21: =IF(AND(E21>=$AC$4,E21<=$AU$4),IF(""=IFERROR(INDEX(INDIRECT("Data!C"&$K$5,FALSE),MATCH(E21,Data!$A:$A,0)),$BX$12),$BX$11,IFERROR(INDEX(INDIRECT("Data!C"&$K$5,FALSE),MATCH(E21,Data!$A:$A,0)),$BX$12)),"-") -> 322 | O21: =IF(AND(F21>=$AC$4,F21<=$AU$4),IF(""=IFERROR(INDEX(INDIRECT("Data!C"&$K$5,FALSE),MATCH(F21,Data!$A:$A,0)),$BX$12),$BX$11,IFERROR(INDEX(INDIRECT("Data!C"&$K$5,FALSE),MATCH(F21,Data!$A:$A,0)),$BX$12)),"-") -> 201 | P21: =IF(AND(G21>=$AC$4,G21<=$AU$4),IF(""=IFERROR(INDEX(INDIRECT("Data!C"&$K$5,FALSE),MATCH(G21,Data!$A:$A,0)),$BX$12),$BX$11,IFERROR(INDEX(INDIRECT("Data!C"&$K$5,FALSE),MATCH(G21,Data!$A:$A,0)),$BX$12)),"-") -> 264 | Q21: =IF(AND(H21>=$AC$4,H21<=$AU$4),IF(""=IFERROR(INDEX(INDIRECT("Data!C"&$K$5,FALSE),MATCH(H21,Data!$A:$A,0)),$BX$12),$BX$11,IFERROR(INDEX(INDIRECT("Data!C"&$K$5,FALSE),MATCH(H21,Data!$A:$A,0)),$BX$12)),"-") -> 68 | T21: =T20+7 -> 41336 | U21: =T21+1 -> 41337 | V21: =U21+1 -> 41338 | W21: =V21+1 -> 41339 | X21: =W21+1 -> 41340 | Y21: =X21+1 -> 41341 | Z21: =Y21+1 -> 41342 | AB21: {=IFERROR(IF(MATCH(8,DAY(T21:Z21),0),Z21,""),"")} -> 41342 | AC21: =IF(AND(T21>=$AC$4,T21<=$AU$4),IF(""=IFERROR(INDEX(INDIRECT("Data!C"&$K$5,FALSE),MATCH(T21,Data!$A:$A,0)),$BX$12),$BX$11,IFERROR(INDEX(INDIRECT("Data!C"&$K$5,FALSE),MATCH(T21,Data!$A:$A,0)),$BX$12)),"-") -> 33 | AD21: =IF(AND(U21>=$AC$4,U21<=$AU$4),IF(""=IFERROR(INDEX(INDIRECT("Data!C"&$K$5,FALSE),MATCH(U21,Data!$A:$A,0)),$BX$12),$BX$11,IFERROR(INDEX(INDIRECT("Data!C"&$K$5,FALSE),MATCH(U21,Data!$A:$A,0)),$BX$12)),"-") -> 427 | AE21: =IF(AND(V21>=$AC$4,V21<=$AU$4),IF(""=IFERROR(INDEX(INDIRECT("Data!C"&$K$5,FALSE),MATCH(V21,Data!$A:$A,0)),$BX$12),$BX$11,IFERROR(INDEX(INDIRECT("Data!C"&$K$5,FALSE),MATCH(V21,Data!$A:$A,0)),$BX$12)),"-") -> 380 | AF21: =IF(AND(W21>=$AC$4,W21<=$AU$4),IF(""=IFERROR(INDEX(INDIRECT("Data!C"&$K$5,FALSE),MATCH(W21,Data!$A:$A,0)),$BX$12),$BX$11,IFERROR(INDEX(INDIRECT("Data!C"&$K$5,FALSE),MATCH(W21,Data!$A:$A,0)),$BX$12)),"-") -> 264 | AG21: =IF(AND(X21>=$AC$4,X21<=$AU$4),IF(""=IFERROR(INDEX(INDIRECT("Data!C"&$K$5,FALSE),MATCH(X21,Data!$A:$A,0)),$BX$12),$BX$11,IFERROR(INDEX(INDIRECT("Data!C"&$K$5,FALSE),MATCH(X21,Data!$A:$A,0)),$BX$12)),"-") -> 227 | AH21: =IF(AND(Y21>=$AC$4,Y21<=$AU$4),IF(""=IFERROR(INDEX(INDIRECT("Data!C"&$K$5,FALSE),MATCH(Y21,Data!$A:$A,0)),$BX$12),$BX$11,IFERROR(INDEX(INDIRECT("Data!C"&$K$5,FALSE),MATCH(Y21,Data!$A:$A,0)),$BX$12)),"-") -> 257 | AI21: =IF(AND(Z21>=$AC$4,Z21<=$AU$4),IF(""=IFERROR(INDEX(INDIRECT("Data!C"&$K$5,FALSE),MATCH(Z21,Data!$A:$A,0)),$BX$12),$BX$11,IFERROR(INDEX(INDIRECT("Data!C"&$K$5,FALSE),MATCH(Z21,Data!$A:$A,0)),$BX$12)),"-") -> 61 | AL21: =AL20+7 -> 41700 | AM21: =AL21+1 -> 41701 | AN21: =AM21+1 -> 41702 | AO21: =AN21+1 -> 41703 | AP21: =AO21+1 -> 41704 | AQ21: =AP21+1 -> 41705 | AR21: =AQ21+1 -> 41706 | AT21: {=IFERROR(IF(MATCH(8,DAY(AL21:AR21),0),AR21,""),"")} -> 41706 | AU21: =IF(AND(AL21>=$AC$4,AL21<=$AU$4),IF(""=IFERROR(INDEX(INDIRECT("Data!C"&$K$5,FALSE),MATCH(AL21,Data!$A:$A,0)),$BX$12),$BX$11,IFERROR(INDEX(INDIRECT("Data!C"&$K$5,FALSE),MATCH(AL21,Data!$A:$A,0)),$BX$12)),"-") -> 39 | AV21: =IF(AND(AM21>=$AC$4,AM21<=$AU$4),IF(""=IFERROR(INDEX(INDIRECT("Data!C"&$K$5,FALSE),MATCH(AM21,Data!$A:$A,0)),$BX$12),$BX$11,IFERROR(INDEX(INDIRECT("Data!C"&$K$5,FALSE),MATCH(AM21,Data!$A:$A,0)),$BX$12)),"-") -> 391 | AW21: =IF(AND(AN21>=$AC$4,AN21<=$AU$4),IF(""=IFERROR(INDEX(INDIRECT("Data!C"&$K$5,FALSE),MATCH(AN21,Data!$A:$A,0)),$BX$12),$BX$11,IFERROR(INDEX(INDIRECT("Data!C"&$K$5,FALSE),MATCH(AN21,Data!$A:$A,0)),$BX$12)),"-") -> 378 | AX21: =IF(AND(AO21>=$AC$4,AO21<=$AU$4),IF(""=IFERROR(INDEX(INDIRECT("Data!C"&$K$5,FALSE),MATCH(AO21,Data!$A:$A,0)),$BX$12),$BX$11,IFERROR(INDEX(INDIRECT("Data!C"&$K$5,FALSE),MATCH(AO21,Data!$A:$A,0)),$BX$12)),"-") -> 317 | AY21: =IF(AND(AP21>=$AC$4,AP21<=$AU$4),IF(""=IFERROR(INDEX(INDIRECT("Data!C"&$K$5,FALSE),MATCH(AP21,Data!$A:$A,0)),$BX$12),$BX$11,IFERROR(INDEX(INDIRECT("Data!C"&$K$5,FALSE),MATCH(AP21,Data!$A:$A,0)),$BX$12)),"-") -> 247 | AZ21: =IF(AND(AQ21>=$AC$4,AQ21<=$AU$4),IF(""=IFERROR(INDEX(INDIRECT("Data!C"&$K$5,FALSE),MATCH(AQ21,Data!$A:$A,0)),$BX$12),$BX$11,IFERROR(INDEX(INDIRECT("Data!C"&$K$5,FALSE),MATCH(AQ21,Data!$A:$A,0)),$BX$12)),"-") -> 162 | BA21: =IF(AND(AR21>=$AC$4,AR21<=$AU$4),IF(""=IFERROR(INDEX(INDIRECT("Data!C"&$K$5,FALSE),MATCH(AR21,Data!$A:$A,0)),$BX$12),$BX$11,IFERROR(INDEX(INDIRECT("Data!C"&$K$5,FALSE),MATCH(AR21,Data!$A:$A,0)),$BX$12)),"-") -> 67 | BD21: =BD20+7 -> 42064 | BE21: =BD21+1 -> 42065 | BF21: =BE21+1 -> 42066 | BG21: =BF21+1 -> 42067 | BH21: =BG21+1 -> 42068 | BI21: =BH21+1 -> 42069 | BJ21: =BI21+1 -> 42070 | BL21: {=IFERROR(IF(MATCH(8,DAY(BD21:BJ21),0),BJ21,""),"")} | BM21: =IF(AND(BD21>=$AC$4,BD21<=$AU$4),IF(""=IFERROR(INDEX(INDIRECT("Data!C"&$K$5,FALSE),MATCH(BD21,Data!$A:$A,0)),$BX$12),$BX$11,IFERROR(INDEX(INDIRECT("Data!C"&$K$5,FALSE),MATCH(BD21,Data!$A:$A,0)),$BX$12)),"-") -> 35 | BN21: =IF(AND(BE21>=$AC$4,BE21<=$AU$4),IF(""=IFERROR(INDEX(INDIRECT("Data!C"&$K$5,FALSE),MATCH(BE21,Data!$A:$A,0)),$BX$12),$BX$11,IFERROR(INDEX(INDIRECT("Data!C"&$K$5,FALSE),MATCH(BE21,Data!$A:$A,0)),$BX$12)),"-") -> 404 | BO21: =IF(AND(BF21>=$AC$4,BF21<=$AU$4),IF(""=IFERROR(INDEX(INDIRECT("Data!C"&$K$5,FALSE),MATCH(BF21,Data!$A:$A,0)),$BX$12),$BX$11,IFERROR(INDEX(INDIRECT("Data!C"&$K$5,FALSE),MATCH(BF21,Data!$A:$A,0)),$BX$12)),"-") -> 214 | BP21: =IF(AND(BG21>=$AC$4,BG21<=$AU$4),IF(""=IFERROR(INDEX(INDIRECT("Data!C"&$K$5,FALSE),MATCH(BG21,Data!$A:$A,0)),$BX$12),$BX$11,IFERROR(INDEX(INDIRECT("Data!C"&$K$5,FALSE),MATCH(BG21,Data!$A:$A,0)),$BX$12)),"-") -> 232 | BQ21: =IF(AND(BH21>=$AC$4,BH21<=$AU$4),IF(""=IFERROR(INDEX(INDIRECT("Data!C"&$K$5,FALSE),MATCH(BH21,Data!$A:$A,0)),$BX$12),$BX$11,IFERROR(INDEX(INDIRECT("Data!C"&$K$5,FALSE),MATCH(BH21,Data!$A:$A,0)),$BX$12)),"-") -> 256 | BR21: =IF(AND(BI21>=$AC$4,BI21<=$AU$4),IF(""=IFERROR(INDEX(INDIRECT("Data!C"&$K$5,FALSE),MATCH(BI21,Data!$A:$A,0)),$BX$12),$BX$11,IFERROR(INDEX(INDIRECT("Data!C"&$K$5,FALSE),MATCH(BI21,Data!$A:$A,0)),$BX$12)),"-") -> 196 | BS21: =IF(AND(BJ21>=$AC$4,BJ21<=$AU$4),IF(""=IFERROR(INDEX(INDIRECT("Data!C"&$K$5,FALSE),MATCH(BJ21,Data!$A:$A,0)),$BX$12),$BX$11,IFERROR(INDEX(INDIRECT("Data!C"&$K$5,FALSE),MATCH(BJ21,Data!$A:$A,0)),$BX$12)),"-") -> 43 | BU21: =AVERAGE(K21:Q21,AC21:AI21,AU21:BA21,BM21:BS21) -> 226.46429 | BW21: rules, go to Home > Conditional Formatting >
B22: =B21+7 -> 40979 | C22: =B22+1 -> 40980 | D22: =C22+1 -> 40981 | E22: =D22+1 -> 40982 | F22: =E22+1 -> 40983 | G22: =F22+1 -> 40984 | H22: =G22+1 -> 40985 | J22: {=IFERROR(IF(MATCH(8,DAY(B22:H22),0),H22,""),"")} | K22: =IF(AND(B22>=$AC$4,B22<=$AU$4),IF(""=IFERROR(INDEX(INDIRECT("Data!C"&$K$5,FALSE),MATCH(B22,Data!$A:$A,0)),$BX$12),$BX$11,IFERROR(INDEX(INDIRECT("Data!C"&$K$5,FALSE),MATCH(B22,Data!$A:$A,0)),$BX$12)),"-") -> 32 | L22: =IF(AND(C22>=$AC$4,C22<=$AU$4),IF(""=IFERROR(INDEX(INDIRECT("Data!C"&$K$5,FALSE),MATCH(C22,Data!$A:$A,0)),$BX$12),$BX$11,IFERROR(INDEX(INDIRECT("Data!C"&$K$5,FALSE),MATCH(C22,Data!$A:$A,0)),$BX$12)),"-") -> 292 | M22: =IF(AND(D22>=$AC$4,D22<=$AU$4),IF(""=IFERROR(INDEX(INDIRECT("Data!C"&$K$5,FALSE),MATCH(D22,Data!$A:$A,0)),$BX$12),$BX$11,IFERROR(INDEX(INDIRECT("Data!C"&$K$5,FALSE),MATCH(D22,Data!$A:$A,0)),$BX$12)),"-") -> 369 | N22: =IF(AND(E22>=$AC$4,E22<=$AU$4),IF(""=IFERROR(INDEX(INDIRECT("Data!C"&$K$5,FALSE),MATCH(E22,Data!$A:$A,0)),$BX$12),$BX$11,IFERROR(INDEX(INDIRECT("Data!C"&$K$5,FALSE),MATCH(E22,Data!$A:$A,0)),$BX$12)),"-") -> 276 | O22: =IF(AND(F22>=$AC$4,F22<=$AU$4),IF(""=IFERROR(INDEX(INDIRECT("Data!C"&$K$5,FALSE),MATCH(F22,Data!$A:$A,0)),$BX$12),$BX$11,IFERROR(INDEX(INDIRECT("Data!C"&$K$5,FALSE),MATCH(F22,Data!$A:$A,0)),$BX$12)),"-") -> 285 | P22: =IF(AND(G22>=$AC$4,G22<=$AU$4),IF(""=IFERROR(INDEX(INDIRECT("Data!C"&$K$5,FALSE),MATCH(G22,Data!$A:$A,0)),$BX$12),$BX$11,IFERROR(INDEX(INDIRECT("Data!C"&$K$5,FALSE),MATCH(G22,Data!$A:$A,0)),$BX$12)),"-") -> 194 | Q22: =IF(AND(H22>=$AC$4,H22<=$AU$4),IF(""=IFERROR(INDEX(INDIRECT("Data!C"&$K$5,FALSE),MATCH(H22,Data!$A:$A,0)),$BX$12),$BX$11,IFERROR(INDEX(INDIRECT("Data!C"&$K$5,FALSE),MATCH(H22,Data!$A:$A,0)),$BX$12)),"-") -> 65 | T22: =T21+7 -> 41343 | U22: =T22+1 -> 41344 | V22: =U22+1 -> 41345 | W22: =V22+1 -> 41346 | X22: =W22+1 -> 41347 | Y22: =X22+1 -> 41348 | Z22: =Y22+1 -> 41349 | AB22: {=IFERROR(IF(MATCH(8,DAY(T22:Z22),0),Z22,""),"")} | AC22: =IF(AND(T22>=$AC$4,T22<=$AU$4),IF(""=IFERROR(INDEX(INDIRECT("Data!C"&$K$5,FALSE),MATCH(T22,Data!$A:$A,0)),$BX$12),$BX$11,IFERROR(INDEX(INDIRECT("Data!C"&$K$5,FALSE),MATCH(T22,Data!$A:$A,0)),$BX$12)),"-") -> 37 | AD22: =IF(AND(U22>=$AC$4,U22<=$AU$4),IF(""=IFERROR(INDEX(INDIRECT("Data!C"&$K$5,FALSE),MATCH(U22,Data!$A:$A,0)),$BX$12),$BX$11,IFERROR(INDEX(INDIRECT("Data!C"&$K$5,FALSE),MATCH(U22,Data!$A:$A,0)),$BX$12)),"-") -> 310 | AE22: =IF(AND(V22>=$AC$4,V22<=$AU$4),IF(""=IFERROR(INDEX(INDIRECT("Data!C"&$K$5,FALSE),MATCH(V22,Data!$A:$A,0)),$BX$12),$BX$11,IFERROR(INDEX(INDIRECT("Data!C"&$K$5,FALSE),MATCH(V22,Data!$A:$A,0)),$BX$12)),"-") -> 253 | AF22: =IF(AND(W22>=$AC$4,W22<=$AU$4),IF(""=IFERROR(INDEX(INDIRECT("Data!C"&$K$5,FALSE),MATCH(W22,Data!$A:$A,0)),$BX$12),$BX$11,IFERROR(INDEX(INDIRECT("Data!C"&$K$5,FALSE),MATCH(W22,Data!$A:$A,0)),$BX$12)),"-") -> 188 | AG22: =IF(AND(X22>=$AC$4,X22<=$AU$4),IF(""=IFERROR(INDEX(INDIRECT("Data!C"&$K$5,FALSE),MATCH(X22,Data!$A:$A,0)),$BX$12),$BX$11,IFERROR(INDEX(INDIRECT("Data!C"&$K$5,FALSE),MATCH(X22,Data!$A:$A,0)),$BX$12)),"-") -> 215 | AH22: =IF(AND(Y22>=$AC$4,Y22<=$AU$4),IF(""=IFERROR(INDEX(INDIRECT("Data!C"&$K$5,FALSE),MATCH(Y22,Data!$A:$A,0)),$BX$12),$BX$11,IFERROR(INDEX(INDIRECT("Data!C"&$K$5,FALSE),MATCH(Y22,Data!$A:$A,0)),$BX$12)),"-") -> 204 | AI22: =IF(AND(Z22>=$AC$4,Z22<=$AU$4),IF(""=IFERROR(INDEX(INDIRECT("Data!C"&$K$5,FALSE),MATCH(Z22,Data!$A:$A,0)),$BX$12),$BX$11,IFERROR(INDEX(INDIRECT("Data!C"&$K$5,FALSE),MATCH(Z22,Data!$A:$A,0)),$BX$12)),"-") -> 44 | AL22: =AL21+7 -> 41707 | AM22: =AL22+1 -> 41708 | AN22: =AM22+1 -> 41709 | AO22: =AN22+1 -> 41710 | AP22: =AO22+1 -> 41711 | AQ22: =AP22+1 -> 41712 | AR22: =AQ22+1 -> 41713 | AT22: {=IFERROR(IF(MATCH(8,DAY(AL22:AR22),0),AR22,""),"")} | AU22: =IF(AND(AL22>=$AC$4,AL22<=$AU$4),IF(""=IFERROR(INDEX(INDIRECT("Data!C"&$K$5,FALSE),MATCH(AL22,Data!$A:$A,0)),$BX$12),$BX$11,IFERROR(INDEX(INDIRECT("Data!C"&$K$5,FALSE),MATCH(AL22,Data!$A:$A,0)),$BX$12)),"-") -> 30 | AV22: =IF(AND(AM22>=$AC$4,AM22<=$AU$4),IF(""=IFERROR(INDEX(INDIRECT("Data!C"&$K$5,FALSE),MATCH(AM22,Data!$A:$A,0)),$BX$12),$BX$11,IFERROR(INDEX(INDIRECT("Data!C"&$K$5,FALSE),MATCH(AM22,Data!$A:$A,0)),$BX$12)),"-") -> 258 | AW22: =IF(AND(AN22>=$AC$4,AN22<=$AU$4),IF(""=IFERROR(INDEX(INDIRECT("Data!C"&$K$5,FALSE),MATCH(AN22,Data!$A:$A,0)),$BX$12),$BX$11,IFERROR(INDEX(INDIRECT("Data!C"&$K$5,FALSE),MATCH(AN22,Data!$A:$A,0)),$BX$12)),"-") -> 260 | AX22: =IF(AND(AO22>=$AC$4,AO22<=$AU$4),IF(""=IFERROR(INDEX(INDIRECT("Data!C"&$K$5,FALSE),MATCH(AO22,Data!$A:$A,0)),$BX$12),$BX$11,IFERROR(INDEX(INDIRECT("Data!C"&$K$5,FALSE),MATCH(AO22,Data!$A:$A,0)),$BX$12)),"-") -> 237 | AY22: =IF(AND(AP22>=$AC$4,AP22<=$AU$4),IF(""=IFERROR(INDEX(INDIRECT("Data!C"&$K$5,FALSE),MATCH(AP22,Data!$A:$A,0)),$BX$12),$BX$11,IFERROR(INDEX(INDIRECT("Data!C"&$K$5,FALSE),MATCH(AP22,Data!$A:$A,0)),$BX$12)),"-") -> 235 | AZ22: =IF(AND(AQ22>=$AC$4,AQ22<=$AU$4),IF(""=IFERROR(INDEX(INDIRECT("Data!C"&$K$5,FALSE),MATCH(AQ22,Data!$A:$A,0)),$BX$12),$BX$11,IFERROR(INDEX(INDIRECT("Data!C"&$K$5,FALSE),MATCH(AQ22,Data!$A:$A,0)),$BX$12)),"-") -> 145 | BA22: =IF(AND(AR22>=$AC$4,AR22<=$AU$4),IF(""=IFERROR(INDEX(INDIRECT("Data!C"&$K$5,FALSE),MATCH(AR22,Data!$A:$A,0)),$BX$12),$BX$11,IFERROR(INDEX(INDIRECT("Data!C"&$K$5,FALSE),MATCH(AR22,Data!$A:$A,0)),$BX$12)),"-") -> 35 | BD22: =BD21+7 -> 42071 | BE22: =BD22+1 -> 42072 | BF22: =BE22+1 -> 42073 | BG22: =BF22+1 -> 42074 | BH22: =BG22+1 -> 42075 | BI22: =BH22+1 -> 42076 | BJ22: =BI22+1 -> 42077 | BL22: {=IFERROR(IF(MATCH(8,DAY(BD22:BJ22),0),BJ22,""),"")} -> 42077 | BM22: =IF(AND(BD22>=$AC$4,BD22<=$AU$4),IF(""=IFERROR(INDEX(INDIRECT("Data!C"&$K$5,FALSE),MATCH(BD22,Data!$A:$A,0)),$BX$12),$BX$11,IFERROR(INDEX(INDIRECT("Data!C"&$K$5,FALSE),MATCH(BD22,Data!$A:$A,0)),$BX$12)),"-") -> 36 | BN22: =IF(AND(BE22>=$AC$4,BE22<=$AU$4),IF(""=IFERROR(INDEX(INDIRECT("Data!C"&$K$5,FALSE),MATCH(BE22,Data!$A:$A,0)),$BX$12),$BX$11,IFERROR(INDEX(INDIRECT("Data!C"&$K$5,FALSE),MATCH(BE22,Data!$A:$A,0)),$BX$12)),"-") -> 334 | BO22: =IF(AND(BF22>=$AC$4,BF22<=$AU$4),IF(""=IFERROR(INDEX(INDIRECT("Data!C"&$K$5,FALSE),MATCH(BF22,Data!$A:$A,0)),$BX$12),$BX$11,IFERROR(INDEX(INDIRECT("Data!C"&$K$5,FALSE),MATCH(BF22,Data!$A:$A,0)),$BX$12)),"-") -> 162 | BP22: =IF(AND(BG22>=$AC$4,BG22<=$AU$4),IF(""=IFERROR(INDEX(INDIRECT("Data!C"&$K$5,FALSE),MATCH(BG22,Data!$A:$A,0)),$BX$12),$BX$11,IFERROR(INDEX(INDIRECT("Data!C"&$K$5,FALSE),MATCH(BG22,Data!$A:$A,0)),$BX$12)),"-") -> 171 | BQ22: =IF(AND(BH22>=$AC$4,BH22<=$AU$4),IF(""=IFERROR(INDEX(INDIRECT("Data!C"&$K$5,FALSE),MATCH(BH22,Data!$A:$A,0)),$BX$12),$BX$11,IFERROR(INDEX(INDIRECT("Data!C"&$K$5,FALSE),MATCH(BH22,Data!$A:$A,0)),$BX$12)),"-") -> 136 | BR22: =IF(AND(BI22>=$AC$4,BI22<=$AU$4),IF(""=IFERROR(INDEX(INDIRECT("Data!C"&$K$5,FALSE),MATCH(BI22,Data!$A:$A,0)),$BX$12),$BX$11,IFERROR(INDEX(INDIRECT("Data!C"&$K$5,FALSE),MATCH(BI22,Data!$A:$A,0)),$BX$12)),"-") -> 169 | BS22: =IF(AND(BJ22>=$AC$4,BJ22<=$AU$4),IF(""=IFERROR(INDEX(INDIRECT("Data!C"&$K$5,FALSE),MATCH(BJ22,Data!$A:$A,0)),$BX$12),$BX$11,IFERROR(INDEX(INDIRECT("Data!C"&$K$5,FALSE),MATCH(BJ22,Data!$A:$A,0)),$BX$12)),"-") -> 65 | BU22: =AVERAGE(K22:Q22,AC22:AI22,AU22:BA22,BM22:BS22) -> 179.89286 | BW22: Manage Rules, and select "This Worksheet"
B23: =B22+7 -> 40986 | C23: =B23+1 -> 40987 | D23: =C23+1 -> 40988 | E23: =D23+1 -> 40989 | F23: =E23+1 -> 40990 | G23: =F23+1 -> 40991 | H23: =G23+1 -> 40992 | J23: {=IFERROR(IF(MATCH(8,DAY(B23:H23),0),H23,""),"")} | K23: =IF(AND(B23>=$AC$4,B23<=$AU$4),IF(""=IFERROR(INDEX(INDIRECT("Data!C"&$K$5,FALSE),MATCH(B23,Data!$A:$A,0)),$BX$12),$BX$11,IFERROR(INDEX(INDIRECT("Data!C"&$K$5,FALSE),MATCH(B23,Data!$A:$A,0)),$BX$12)),"-") -> 23 | L23: =IF(AND(C23>=$AC$4,C23<=$AU$4),IF(""=IFERROR(INDEX(INDIRECT("Data!C"&$K$5,FALSE),MATCH(C23,Data!$A:$A,0)),$BX$12),$BX$11,IFERROR(INDEX(INDIRECT("Data!C"&$K$5,FALSE),MATCH(C23,Data!$A:$A,0)),$BX$12)),"-") -> 369 | M23: =IF(AND(D23>=$AC$4,D23<=$AU$4),IF(""=IFERROR(INDEX(INDIRECT("Data!C"&$K$5,FALSE),MATCH(D23,Data!$A:$A,0)),$BX$12),$BX$11,IFERROR(INDEX(INDIRECT("Data!C"&$K$5,FALSE),MATCH(D23,Data!$A:$A,0)),$BX$12)),"-") -> 215 | N23: =IF(AND(E23>=$AC$4,E23<=$AU$4),IF(""=IFERROR(INDEX(INDIRECT("Data!C"&$K$5,FALSE),MATCH(E23,Data!$A:$A,0)),$BX$12),$BX$11,IFERROR(INDEX(INDIRECT("Data!C"&$K$5,FALSE),MATCH(E23,Data!$A:$A,0)),$BX$12)),"-") -> 306 | O23: =IF(AND(F23>=$AC$4,F23<=$AU$4),IF(""=IFERROR(INDEX(INDIRECT("Data!C"&$K$5,FALSE),MATCH(F23,Data!$A:$A,0)),$BX$12),$BX$11,IFERROR(INDEX(INDIRECT("Data!C"&$K$5,FALSE),MATCH(F23,Data!$A:$A,0)),$BX$12)),"-") -> 273 | P23: =IF(AND(G23>=$AC$4,G23<=$AU$4),IF(""=IFERROR(INDEX(INDIRECT("Data!C"&$K$5,FALSE),MATCH(G23,Data!$A:$A,0)),$BX$12),$BX$11,IFERROR(INDEX(INDIRECT("Data!C"&$K$5,FALSE),MATCH(G23,Data!$A:$A,0)),$BX$12)),"-") -> 136 | Q23: =IF(AND(H23>=$AC$4,H23<=$AU$4),IF(""=IFERROR(INDEX(INDIRECT("Data!C"&$K$5,FALSE),MATCH(H23,Data!$A:$A,0)),$BX$12),$BX$11,IFERROR(INDEX(INDIRECT("Data!C"&$K$5,FALSE),MATCH(H23,Data!$A:$A,0)),$BX$12)),"-") -> 66 | T23: =T22+7 -> 41350 | U23: =T23+1 -> 41351 | V23: =U23+1 -> 41352 | W23: =V23+1 -> 41353 | X23: =W23+1 -> 41354 | Y23: =X23+1 -> 41355 | Z23: =Y23+1 -> 41356 | AB23: {=IFERROR(IF(MATCH(8,DAY(T23:Z23),0),Z23,""),"")} | AC23: =IF(AND(T23>=$AC$4,T23<=$AU$4),IF(""=IFERROR(INDEX(INDIRECT("Data!C"&$K$5,FALSE),MATCH(T23,Data!$A:$A,0)),$BX$12),$BX$11,IFERROR(INDEX(INDIRECT("Data!C"&$K$5,FALSE),MATCH(T23,Data!$A:$A,0)),$BX$12)),"-") -> 24 | AD23: =IF(AND(U23>=$AC$4,U23<=$AU$4),IF(""=IFERROR(INDEX(INDIRECT("Data!C"&$K$5,FALSE),MATCH(U23,Data!$A:$A,0)),$BX$12),$BX$11,IFERROR(INDEX(INDIRECT("Data!C"&$K$5,FALSE),MATCH(U23,Data!$A:$A,0)),$BX$12)),"-") -> 326 | AE23: =IF(AND(V23>=$AC$4,V23<=$AU$4),IF(""=IFERROR(INDEX(INDIRECT("Data!C"&$K$5,FALSE),MATCH(V23,Data!$A:$A,0)),$BX$12),$BX$11,IFERROR(INDEX(INDIRECT("Data!C"&$K$5,FALSE),MATCH(V23,Data!$A:$A,0)),$BX$12)),"-") -> 243 | AF23: =IF(AND(W23>=$AC$4,W23<=$AU$4),IF(""=IFERROR(INDEX(INDIRECT("Data!C"&$K$5,FALSE),MATCH(W23,Data!$A:$A,0)),$BX$12),$BX$11,IFERROR(INDEX(INDIRECT("Data!C"&$K$5,FALSE),MATCH(W23,Data!$A:$A,0)),$BX$12)),"-") -> 146 | AG23: =IF(AND(X23>=$AC$4,X23<=$AU$4),IF(""=IFERROR(INDEX(INDIRECT("Data!C"&$K$5,FALSE),MATCH(X23,Data!$A:$A,0)),$BX$12),$BX$11,IFERROR(INDEX(INDIRECT("Data!C"&$K$5,FALSE),MATCH(X23,Data!$A:$A,0)),$BX$12)),"-") -> 151 | AH23: =IF(AND(Y23>=$AC$4,Y23<=$AU$4),IF(""=IFERROR(INDEX(INDIRECT("Data!C"&$K$5,FALSE),MATCH(Y23,Data!$A:$A,0)),$BX$12),$BX$11,IFERROR(INDEX(INDIRECT("Data!C"&$K$5,FALSE),MATCH(Y23,Data!$A:$A,0)),$BX$12)),"-") -> 211 | AI23: =IF(AND(Z23>=$AC$4,Z23<=$AU$4),IF(""=IFERROR(INDEX(INDIRECT("Data!C"&$K$5,FALSE),MATCH(Z23,Data!$A:$A,0)),$BX$12),$BX$11,IFERROR(INDEX(INDIRECT("Data!C"&$K$5,FALSE),MATCH(Z23,Data!$A:$A,0)),$BX$12)),"-") -> 55 | AL23: =AL22+7 -> 41714 | AM23: =AL23+1 -> 41715 | AN23: =AM23+1 -> 41716 | AO23: =AN23+1 -> 41717 | AP23: =AO23+1 -> 41718 | AQ23: =AP23+1 -> 41719 | AR23: =AQ23+1 -> 41720 | AT23: {=IFERROR(IF(MATCH(8,DAY(AL23:AR23),0),AR23,""),"")} | AU23: =IF(AND(AL23>=$AC$4,AL23<=$AU$4),IF(""=IFERROR(INDEX(INDIRECT("Data!C"&$K$5,FALSE),MATCH(AL23,Data!$A:$A,0)),$BX$12),$BX$11,IFERROR(INDEX(INDIRECT("Data!C"&$K$5,FALSE),MATCH(AL23,Data!$A:$A,0)),$BX$12)),"-") -> 36 | AV23: =IF(AND(AM23>=$AC$4,AM23<=$AU$4),IF(""=IFERROR(INDEX(INDIRECT("Data!C"&$K$5,FALSE),MATCH(AM23,Data!$A:$A,0)),$BX$12),$BX$11,IFERROR(INDEX(INDIRECT("Data!C"&$K$5,FALSE),MATCH(AM23,Data!$A:$A,0)),$BX$12)),"-") -> 176 | AW23: =IF(AND(AN23>=$AC$4,AN23<=$AU$4),IF(""=IFERROR(INDEX(INDIRECT("Data!C"&$K$5,FALSE),MATCH(AN23,Data!$A:$A,0)),$BX$12),$BX$11,IFERROR(INDEX(INDIRECT("Data!C"&$K$5,FALSE),MATCH(AN23,Data!$A:$A,0)),$BX$12)),"-") -> 152 | AX23: =IF(AND(AO23>=$AC$4,AO23<=$AU$4),IF(""=IFERROR(INDEX(INDIRECT("Data!C"&$K$5,FALSE),MATCH(AO23,Data!$A:$A,0)),$BX$12),$BX$11,IFERROR(INDEX(INDIRECT("Data!C"&$K$5,FALSE),MATCH(AO23,Data!$A:$A,0)),$BX$12)),"-") -> 170 | AY23: =IF(AND(AP23>=$AC$4,AP23<=$AU$4),IF(""=IFERROR(INDEX(INDIRECT("Data!C"&$K$5,FALSE),MATCH(AP23,Data!$A:$A,0)),$BX$12),$BX$11,IFERROR(INDEX(INDIRECT("Data!C"&$K$5,FALSE),MATCH(AP23,Data!$A:$A,0)),$BX$12)),"-") -> 224 | AZ23: =IF(AND(AQ23>=$AC$4,AQ23<=$AU$4),IF(""=IFERROR(INDEX(INDIRECT("Data!C"&$K$5,FALSE),MATCH(AQ23,Data!$A:$A,0)),$BX$12),$BX$11,IFERROR(INDEX(INDIRECT("Data!C"&$K$5,FALSE),MATCH(AQ23,Data!$A:$A,0)),$BX$12)),"-") -> 190 | BA23: =IF(AND(AR23>=$AC$4,AR23<=$AU$4),IF(""=IFERROR(INDEX(INDIRECT("Data!C"&$K$5,FALSE),MATCH(AR23,Data!$A:$A,0)),$BX$12),$BX$11,IFERROR(INDEX(INDIRECT("Data!C"&$K$5,FALSE),MATCH(AR23,Data!$A:$A,0)),$BX$12)),"-") -> 54 | BD23: =BD22+7 -> 42078 | BE23: =BD23+1 -> 42079 | BF23: =BE23+1 -> 42080 | BG23: =BF23+1 -> 42081 | BH23: =BG23+1 -> 42082 | BI23: =BH23+1 -> 42083 | BJ23: =BI23+1 -> 42084 | BL23: {=IFERROR(IF(MATCH(8,DAY(BD23:BJ23),0),BJ23,""),"")} | BM23: =IF(AND(BD23>=$AC$4,BD23<=$AU$4),IF(""=IFERROR(INDEX(INDIRECT("Data!C"&$K$5,FALSE),MATCH(BD23,Data!$A:$A,0)),$BX$12),$BX$11,IFERROR(INDEX(INDIRECT("Data!C"&$K$5,FALSE),MATCH(BD23,Data!$A:$A,0)),$BX$12)),"-") -> 24 | BN23: =IF(AND(BE23>=$AC$4,BE23<=$AU$4),IF(""=IFERROR(INDEX(INDIRECT("Data!C"&$K$5,FALSE),MATCH(BE23,Data!$A:$A,0)),$BX$12),$BX$11,IFERROR(INDEX(INDIRECT("Data!C"&$K$5,FALSE),MATCH(BE23,Data!$A:$A,0)),$BX$12)),"-") -> 281 | BO23: =IF(AND(BF23>=$AC$4,BF23<=$AU$4),IF(""=IFERROR(INDEX(INDIRECT("Data!C"&$K$5,FALSE),MATCH(BF23,Data!$A:$A,0)),$BX$12),$BX$11,IFERROR(INDEX(INDIRECT("Data!C"&$K$5,FALSE),MATCH(BF23,Data!$A:$A,0)),$BX$12)),"-") -> 160 | BP23: =IF(AND(BG23>=$AC$4,BG23<=$AU$4),IF(""=IFERROR(INDEX(INDIRECT("Data!C"&$K$5,FALSE),MATCH(BG23,Data!$A:$A,0)),$BX$12),$BX$11,IFERROR(INDEX(INDIRECT("Data!C"&$K$5,FALSE),MATCH(BG23,Data!$A:$A,0)),$BX$12)),"-") -> 242 | BQ23: =IF(AND(BH23>=$AC$4,BH23<=$AU$4),IF(""=IFERROR(INDEX(INDIRECT("Data!C"&$K$5,FALSE),MATCH(BH23,Data!$A:$A,0)),$BX$12),$BX$11,IFERROR(INDEX(INDIRECT("Data!C"&$K$5,FALSE),MATCH(BH23,Data!$A:$A,0)),$BX$12)),"-") -> 184 | BR23: =IF(AND(BI23>=$AC$4,BI23<=$AU$4),IF(""=IFERROR(INDEX(INDIRECT("Data!C"&$K$5,FALSE),MATCH(BI23,Data!$A:$A,0)),$BX$12),$BX$11,IFERROR(INDEX(INDIRECT("Data!C"&$K$5,FALSE),MATCH(BI23,Data!$A:$A,0)),$BX$12)),"-") -> 162 | BS23: =IF(AND(BJ23>=$AC$4,BJ23<=$AU$4),IF(""=IFERROR(INDEX(INDIRECT("Data!C"&$K$5,FALSE),MATCH(BJ23,Data!$A:$A,0)),$BX$12),$BX$11,IFERROR(INDEX(INDIRECT("Data!C"&$K$5,FALSE),MATCH(BJ23,Data!$A:$A,0)),$BX$12)),"-") -> 48 | BU23: =AVERAGE(K23:Q23,AC23:AI23,AU23:BA23,BM23:BS23) -> 165.96429 | BW23: from the drop-down to modify the rules for
B24: =B23+7 -> 40993 | C24: =B24+1 -> 40994 | D24: =C24+1 -> 40995 | E24: =D24+1 -> 40996 | F24: =E24+1 -> 40997 | G24: =F24+1 -> 40998 | H24: =G24+1 -> 40999 | J24: {=IFERROR(IF(MATCH(8,DAY(B24:H24),0),H24,""),"")} | K24: =IF(AND(B24>=$AC$4,B24<=$AU$4),IF(""=IFERROR(INDEX(INDIRECT("Data!C"&$K$5,FALSE),MATCH(B24,Data!$A:$A,0)),$BX$12),$BX$11,IFERROR(INDEX(INDIRECT("Data!C"&$K$5,FALSE),MATCH(B24,Data!$A:$A,0)),$BX$12)),"-") -> 17 | L24: =IF(AND(C24>=$AC$4,C24<=$AU$4),IF(""=IFERROR(INDEX(INDIRECT("Data!C"&$K$5,FALSE),MATCH(C24,Data!$A:$A,0)),$BX$12),$BX$11,IFERROR(INDEX(INDIRECT("Data!C"&$K$5,FALSE),MATCH(C24,Data!$A:$A,0)),$BX$12)),"-") -> 341 | M24: =IF(AND(D24>=$AC$4,D24<=$AU$4),IF(""=IFERROR(INDEX(INDIRECT("Data!C"&$K$5,FALSE),MATCH(D24,Data!$A:$A,0)),$BX$12),$BX$11,IFERROR(INDEX(INDIRECT("Data!C"&$K$5,FALSE),MATCH(D24,Data!$A:$A,0)),$BX$12)),"-") -> 322 | N24: =IF(AND(E24>=$AC$4,E24<=$AU$4),IF(""=IFERROR(INDEX(INDIRECT("Data!C"&$K$5,FALSE),MATCH(E24,Data!$A:$A,0)),$BX$12),$BX$11,IFERROR(INDEX(INDIRECT("Data!C"&$K$5,FALSE),MATCH(E24,Data!$A:$A,0)),$BX$12)),"-") -> 227 | O24: =IF(AND(F24>=$AC$4,F24<=$AU$4),IF(""=IFERROR(INDEX(INDIRECT("Data!C"&$K$5,FALSE),MATCH(F24,Data!$A:$A,0)),$BX$12),$BX$11,IFERROR(INDEX(INDIRECT("Data!C"&$K$5,FALSE),MATCH(F24,Data!$A:$A,0)),$BX$12)),"-") -> 221 | P24: =IF(AND(G24>=$AC$4,G24<=$AU$4),IF(""=IFERROR(INDEX(INDIRECT("Data!C"&$K$5,FALSE),MATCH(G24,Data!$A:$A,0)),$BX$12),$BX$11,IFERROR(INDEX(INDIRECT("Data!C"&$K$5,FALSE),MATCH(G24,Data!$A:$A,0)),$BX$12)),"-") -> 100 | Q24: =IF(AND(H24>=$AC$4,H24<=$AU$4),IF(""=IFERROR(INDEX(INDIRECT("Data!C"&$K$5,FALSE),MATCH(H24,Data!$A:$A,0)),$BX$12),$BX$11,IFERROR(INDEX(INDIRECT("Data!C"&$K$5,FALSE),MATCH(H24,Data!$A:$A,0)),$BX$12)),"-") -> 66 | T24: =T23+7 -> 41357 | U24: =T24+1 -> 41358 | V24: =U24+1 -> 41359 | W24: =V24+1 -> 41360 | X24: =W24+1 -> 41361 | Y24: =X24+1 -> 41362 | Z24: =Y24+1 -> 41363 | AB24: {=IFERROR(IF(MATCH(8,DAY(T24:Z24),0),Z24,""),"")} | AC24: =IF(AND(T24>=$AC$4,T24<=$AU$4),IF(""=IFERROR(INDEX(INDIRECT("Data!C"&$K$5,FALSE),MATCH(T24,Data!$A:$A,0)),$BX$12),$BX$11,IFERROR(INDEX(INDIRECT("Data!C"&$K$5,FALSE),MATCH(T24,Data!$A:$A,0)),$BX$12)),"-") -> 22 | AD24: =IF(AND(U24>=$AC$4,U24<=$AU$4),IF(""=IFERROR(INDEX(INDIRECT("Data!C"&$K$5,FALSE),MATCH(U24,Data!$A:$A,0)),$BX$12),$BX$11,IFERROR(INDEX(INDIRECT("Data!C"&$K$5,FALSE),MATCH(U24,Data!$A:$A,0)),$BX$12)),"-") -> 287 | AE24: =IF(AND(V24>=$AC$4,V24<=$AU$4),IF(""=IFERROR(INDEX(INDIRECT("Data!C"&$K$5,FALSE),MATCH(V24,Data!$A:$A,0)),$BX$12),$BX$11,IFERROR(INDEX(INDIRECT("Data!C"&$K$5,FALSE),MATCH(V24,Data!$A:$A,0)),$BX$12)),"-") -> 156 | AF24: =IF(AND(W24>=$AC$4,W24<=$AU$4),IF(""=IFERROR(INDEX(INDIRECT("Data!C"&$K$5,FALSE),MATCH(W24,Data!$A:$A,0)),$BX$12),$BX$11,IFERROR(INDEX(INDIRECT("Data!C"&$K$5,FALSE),MATCH(W24,Data!$A:$A,0)),$BX$12)),"-") -> 138 | AG24: =IF(AND(X24>=$AC$4,X24<=$AU$4),IF(""=IFERROR(INDEX(INDIRECT("Data!C"&$K$5,FALSE),MATCH(X24,Data!$A:$A,0)),$BX$12),$BX$11,IFERROR(INDEX(INDIRECT("Data!C"&$K$5,FALSE),MATCH(X24,Data!$A:$A,0)),$BX$12)),"-") -> 126 | AH24: =IF(AND(Y24>=$AC$4,Y24<=$AU$4),IF(""=IFERROR(INDEX(INDIRECT("Data!C"&$K$5,FALSE),MATCH(Y24,Data!$A:$A,0)),$BX$12),$BX$11,IFERROR(INDEX(INDIRECT("Data!C"&$K$5,FALSE),MATCH(Y24,Data!$A:$A,0)),$BX$12)),"-") -> 84 | AI24: =IF(AND(Z24>=$AC$4,Z24<=$AU$4),IF(""=IFERROR(INDEX(INDIRECT("Data!C"&$K$5,FALSE),MATCH(Z24,Data!$A:$A,0)),$BX$12),$BX$11,IFERROR(INDEX(INDIRECT("Data!C"&$K$5,FALSE),MATCH(Z24,Data!$A:$A,0)),$BX$12)),"-") -> 24 | AL24: =AL23+7 -> 41721 | AM24: =AL24+1 -> 41722 | AN24: =AM24+1 -> 41723 | AO24: =AN24+1 -> 41724 | AP24: =AO24+1 -> 41725 | AQ24: =AP24+1 -> 41726 | AR24: =AQ24+1 -> 41727 | AT24: {=IFERROR(IF(MATCH(8,DAY(AL24:AR24),0),AR24,""),"")} | AU24: =IF(AND(AL24>=$AC$4,AL24<=$AU$4),IF(""=IFERROR(INDEX(INDIRECT("Data!C"&$K$5,FALSE),MATCH(AL24,Data!$A:$A,0)),$BX$12),$BX$11,IFERROR(INDEX(INDIRECT("Data!C"&$K$5,FALSE),MATCH(AL24,Data!$A:$A,0)),$BX$12)),"-") -> 30 | AV24: =IF(AND(AM24>=$AC$4,AM24<=$AU$4),IF(""=IFERROR(INDEX(INDIRECT("Data!C"&$K$5,FALSE),MATCH(AM24,Data!$A:$A,0)),$BX$12),$BX$11,IFERROR(INDEX(INDIRECT("Data!C"&$K$5,FALSE),MATCH(AM24,Data!$A:$A,0)),$BX$12)),"-") -> 167 | AW24: =IF(AND(AN24>=$AC$4,AN24<=$AU$4),IF(""=IFERROR(INDEX(INDIRECT("Data!C"&$K$5,FALSE),MATCH(AN24,Data!$A:$A,0)),$BX$12),$BX$11,IFERROR(INDEX(INDIRECT("Data!C"&$K$5,FALSE),MATCH(AN24,Data!$A:$A,0)),$BX$12)),"-") -> 265 | AX24: =IF(AND(AO24>=$AC$4,AO24<=$AU$4),IF(""=IFERROR(INDEX(INDIRECT("Data!C"&$K$5,FALSE),MATCH(AO24,Data!$A:$A,0)),$BX$12),$BX$11,IFERROR(INDEX(INDIRECT("Data!C"&$K$5,FALSE),MATCH(AO24,Data!$A:$A,0)),$BX$12)),"-") -> 168 | AY24: =IF(AND(AP24>=$AC$4,AP24<=$AU$4),IF(""=IFERROR(INDEX(INDIRECT("Data!C"&$K$5,FALSE),MATCH(AP24,Data!$A:$A,0)),$BX$12),$BX$11,IFERROR(INDEX(INDIRECT("Data!C"&$K$5,FALSE),MATCH(AP24,Data!$A:$A,0)),$BX$12)),"-") -> 210 | AZ24: =IF(AND(AQ24>=$AC$4,AQ24<=$AU$4),IF(""=IFERROR(INDEX(INDIRECT("Data!C"&$K$5,FALSE),MATCH(AQ24,Data!$A:$A,0)),$BX$12),$BX$11,IFERROR(INDEX(INDIRECT("Data!C"&$K$5,FALSE),MATCH(AQ24,Data!$A:$A,0)),$BX$12)),"-") -> 176 | BA24: =IF(AND(AR24>=$AC$4,AR24<=$AU$4),IF(""=IFERROR(INDEX(INDIRECT("Data!C"&$K$5,FALSE),MATCH(AR24,Data!$A:$A,0)),$BX$12),$BX$11,IFERROR(INDEX(INDIRECT("Data!C"&$K$5,FALSE),MATCH(AR24,Data!$A:$A,0)),$BX$12)),"-") -> 37 | BD24: =BD23+7 -> 42085 | BE24: =BD24+1 -> 42086 | BF24: =BE24+1 -> 42087 | BG24: =BF24+1 -> 42088 | BH24: =BG24+1 -> 42089 | BI24: =BH24+1 -> 42090 | BJ24: =BI24+1 -> 42091 | BL24: {=IFERROR(IF(MATCH(8,DAY(BD24:BJ24),0),BJ24,""),"")} | BM24: =IF(AND(BD24>=$AC$4,BD24<=$AU$4),IF(""=IFERROR(INDEX(INDIRECT("Data!C"&$K$5,FALSE),MATCH(BD24,Data!$A:$A,0)),$BX$12),$BX$11,IFERROR(INDEX(INDIRECT("Data!C"&$K$5,FALSE),MATCH(BD24,Data!$A:$A,0)),$BX$12)),"-") -> 12 | BN24: =IF(AND(BE24>=$AC$4,BE24<=$AU$4),IF(""=IFERROR(INDEX(INDIRECT("Data!C"&$K$5,FALSE),MATCH(BE24,Data!$A:$A,0)),$BX$12),$BX$11,IFERROR(INDEX(INDIRECT("Data!C"&$K$5,FALSE),MATCH(BE24,Data!$A:$A,0)),$BX$12)),"-") -> 193 | BO24: =IF(AND(BF24>=$AC$4,BF24<=$AU$4),IF(""=IFERROR(INDEX(INDIRECT("Data!C"&$K$5,FALSE),MATCH(BF24,Data!$A:$A,0)),$BX$12),$BX$11,IFERROR(INDEX(INDIRECT("Data!C"&$K$5,FALSE),MATCH(BF24,Data!$A:$A,0)),$BX$12)),"-") -> 254 | BP24: =IF(AND(BG24>=$AC$4,BG24<=$AU$4),IF(""=IFERROR(INDEX(INDIRECT("Data!C"&$K$5,FALSE),MATCH(BG24,Data!$A:$A,0)),$BX$12),$BX$11,IFERROR(INDEX(INDIRECT("Data!C"&$K$5,FALSE),MATCH(BG24,Data!$A:$A,0)),$BX$12)),"-") -> 157 | BQ24: =IF(AND(BH24>=$AC$4,BH24<=$AU$4),IF(""=IFERROR(INDEX(INDIRECT("Data!C"&$K$5,FALSE),MATCH(BH24,Data!$A:$A,0)),$BX$12),$BX$11,IFERROR(INDEX(INDIRECT("Data!C"&$K$5,FALSE),MATCH(BH24,Data!$A:$A,0)),$BX$12)),"-") -> 122 | BR24: =IF(AND(BI24>=$AC$4,BI24<=$AU$4),IF(""=IFERROR(INDEX(INDIRECT("Data!C"&$K$5,FALSE),MATCH(BI24,Data!$A:$A,0)),$BX$12),$BX$11,IFERROR(INDEX(INDIRECT("Data!C"&$K$5,FALSE),MATCH(BI24,Data!$A:$A,0)),$BX$12)),"-") -> 71 | BS24: =IF(AND(BJ24>=$AC$4,BJ24<=$AU$4),IF(""=IFERROR(INDEX(INDIRECT("Data!C"&$K$5,FALSE),MATCH(BJ24,Data!$A:$A,0)),$BX$12),$BX$11,IFERROR(INDEX(INDIRECT("Data!C"&$K$5,FALSE),MATCH(BJ24,Data!$A:$A,0)),$BX$12)),"-") -> 34 | BU24: =AVERAGE(K24:Q24,AC24:AI24,AU24:BA24,BM24:BS24) -> 143.82143 | BW24: this worksheet.
B25: =B24+7 -> 41000 | C25: =B25+1 -> 41001 | D25: =C25+1 -> 41002 | E25: =D25+1 -> 41003 | F25: =E25+1 -> 41004 | G25: =F25+1 -> 41005 | H25: =G25+1 -> 41006 | J25: {=IFERROR(IF(MATCH(8,DAY(B25:H25),0),H25,""),"")} | K25: =IF(AND(B25>=$AC$4,B25<=$AU$4),IF(""=IFERROR(INDEX(INDIRECT("Data!C"&$K$5,FALSE),MATCH(B25,Data!$A:$A,0)),$BX$12),$BX$11,IFERROR(INDEX(INDIRECT("Data!C"&$K$5,FALSE),MATCH(B25,Data!$A:$A,0)),$BX$12)),"-") -> 13 | L25: =IF(AND(C25>=$AC$4,C25<=$AU$4),IF(""=IFERROR(INDEX(INDIRECT("Data!C"&$K$5,FALSE),MATCH(C25,Data!$A:$A,0)),$BX$12),$BX$11,IFERROR(INDEX(INDIRECT("Data!C"&$K$5,FALSE),MATCH(C25,Data!$A:$A,0)),$BX$12)),"-") -> 181 | M25: =IF(AND(D25>=$AC$4,D25<=$AU$4),IF(""=IFERROR(INDEX(INDIRECT("Data!C"&$K$5,FALSE),MATCH(D25,Data!$A:$A,0)),$BX$12),$BX$11,IFERROR(INDEX(INDIRECT("Data!C"&$K$5,FALSE),MATCH(D25,Data!$A:$A,0)),$BX$12)),"-") -> 111 | N25: =IF(AND(E25>=$AC$4,E25<=$AU$4),IF(""=IFERROR(INDEX(INDIRECT("Data!C"&$K$5,FALSE),MATCH(E25,Data!$A:$A,0)),$BX$12),$BX$11,IFERROR(INDEX(INDIRECT("Data!C"&$K$5,FALSE),MATCH(E25,Data!$A:$A,0)),$BX$12)),"-") -> 164 | O25: =IF(AND(F25>=$AC$4,F25<=$AU$4),IF(""=IFERROR(INDEX(INDIRECT("Data!C"&$K$5,FALSE),MATCH(F25,Data!$A:$A,0)),$BX$12),$BX$11,IFERROR(INDEX(INDIRECT("Data!C"&$K$5,FALSE),MATCH(F25,Data!$A:$A,0)),$BX$12)),"-") -> 140 | P25: =IF(AND(G25>=$AC$4,G25<=$AU$4),IF(""=IFERROR(INDEX(INDIRECT("Data!C"&$K$5,FALSE),MATCH(G25,Data!$A:$A,0)),$BX$12),$BX$11,IFERROR(INDEX(INDIRECT("Data!C"&$K$5,FALSE),MATCH(G25,Data!$A:$A,0)),$BX$12)),"-") -> 109 | Q25: =IF(AND(H25>=$AC$4,H25<=$AU$4),IF(""=IFERROR(INDEX(INDIRECT("Data!C"&$K$5,FALSE),MATCH(H25,Data!$A:$A,0)),$BX$12),$BX$11,IFERROR(INDEX(INDIRECT("Data!C"&$K$5,FALSE),MATCH(H25,Data!$A:$A,0)),$BX$12)),"-") -> 59 | T25: =T24+7 -> 41364 | U25: =T25+1 -> 41365 | V25: =U25+1 -> 41366 | W25: =V25+1 -> 41367 | X25: =W25+1 -> 41368 | Y25: =X25+1 -> 41369 | Z25: =Y25+1 -> 41370 | AB25: {=IFERROR(IF(MATCH(8,DAY(T25:Z25),0),Z25,""),"")} | AC25: =IF(AND(T25>=$AC$4,T25<=$AU$4),IF(""=IFERROR(INDEX(INDIRECT("Data!C"&$K$5,FALSE),MATCH(T25,Data!$A:$A,0)),$BX$12),$BX$11,IFERROR(INDEX(INDIRECT("Data!C"&$K$5,FALSE),MATCH(T25,Data!$A:$A,0)),$BX$12)),"-") -> 15 | AD25: =IF(AND(U25>=$AC$4,U25<=$AU$4),IF(""=IFERROR(INDEX(INDIRECT("Data!C"&$K$5,FALSE),MATCH(U25,Data!$A:$A,0)),$BX$12),$BX$11,IFERROR(INDEX(INDIRECT("Data!C"&$K$5,FALSE),MATCH(U25,Data!$A:$A,0)),$BX$12)),"-") -> 174 | AE25: =IF(AND(V25>=$AC$4,V25<=$AU$4),IF(""=IFERROR(INDEX(INDIRECT("Data!C"&$K$5,FALSE),MATCH(V25,Data!$A:$A,0)),$BX$12),$BX$11,IFERROR(INDEX(INDIRECT("Data!C"&$K$5,FALSE),MATCH(V25,Data!$A:$A,0)),$BX$12)),"-") -> 186 | AF25: =IF(AND(W25>=$AC$4,W25<=$AU$4),IF(""=IFERROR(INDEX(INDIRECT("Data!C"&$K$5,FALSE),MATCH(W25,Data!$A:$A,0)),$BX$12),$BX$11,IFERROR(INDEX(INDIRECT("Data!C"&$K$5,FALSE),MATCH(W25,Data!$A:$A,0)),$BX$12)),"-") -> 154 | AG25: =IF(AND(X25>=$AC$4,X25<=$AU$4),IF(""=IFERROR(INDEX(INDIRECT("Data!C"&$K$5,FALSE),MATCH(X25,Data!$A:$A,0)),$BX$12),$BX$11,IFERROR(INDEX(INDIRECT("Data!C"&$K$5,FALSE),MATCH(X25,Data!$A:$A,0)),$BX$12)),"-") -> 144 | AH25: =IF(AND(Y25>=$AC$4,Y25<=$AU$4),IF(""=IFERROR(INDEX(INDIRECT("Data!C"&$K$5,FALSE),MATCH(Y25,Data!$A:$A,0)),$BX$12),$BX$11,IFERROR(INDEX(INDIRECT("Data!C"&$K$5,FALSE),MATCH(Y25,Data!$A:$A,0)),$BX$12)),"-") -> 133 | AI25: =IF(AND(Z25>=$AC$4,Z25<=$AU$4),IF(""=IFERROR(INDEX(INDIRECT("Data!C"&$K$5,FALSE),MATCH(Z25,Data!$A:$A,0)),$BX$12),$BX$11,IFERROR(INDEX(INDIRECT("Data!C"&$K$5,FALSE),MATCH(Z25,Data!$A:$A,0)),$BX$12)),"-") -> 34 | AL25: =AL24+7 -> 41728 | AM25: =AL25+1 -> 41729 | AN25: =AM25+1 -> 41730 | AO25: =AN25+1 -> 41731 | AP25: =AO25+1 -> 41732 | AQ25: =AP25+1 -> 41733 | AR25: =AQ25+1 -> 41734 | AT25: {=IFERROR(IF(MATCH(8,DAY(AL25:AR25),0),AR25,""),"")} | AU25: =IF(AND(AL25>=$AC$4,AL25<=$AU$4),IF(""=IFERROR(INDEX(INDIRECT("Data!C"&$K$5,FALSE),MATCH(AL25,Data!$A:$A,0)),$BX$12),$BX$11,IFERROR(INDEX(INDIRECT("Data!C"&$K$5,FALSE),MATCH(AL25,Data!$A:$A,0)),$BX$12)),"-") -> 14 | AV25: =IF(AND(AM25>=$AC$4,AM25<=$AU$4),IF(""=IFERROR(INDEX(INDIRECT("Data!C"&$K$5,FALSE),MATCH(AM25,Data!$A:$A,0)),$BX$12),$BX$11,IFERROR(INDEX(INDIRECT("Data!C"&$K$5,FALSE),MATCH(AM25,Data!$A:$A,0)),$BX$12)),"-") -> 110 | AW25: =IF(AND(AN25>=$AC$4,AN25<=$AU$4),IF(""=IFERROR(INDEX(INDIRECT("Data!C"&$K$5,FALSE),MATCH(AN25,Data!$A:$A,0)),$BX$12),$BX$11,IFERROR(INDEX(INDIRECT("Data!C"&$K$5,FALSE),MATCH(AN25,Data!$A:$A,0)),$BX$12)),"-") -> 159 | AX25: =IF(AND(AO25>=$AC$4,AO25<=$AU$4),IF(""=IFERROR(INDEX(INDIRECT("Data!C"&$K$5,FALSE),MATCH(AO25,Data!$A:$A,0)),$BX$12),$BX$11,IFERROR(INDEX(INDIRECT("Data!C"&$K$5,FALSE),MATCH(AO25,Data!$A:$A,0)),$BX$12)),"-") -> 143 | AY25: =IF(AND(AP25>=$AC$4,AP25<=$AU$4),IF(""=IFERROR(INDEX(INDIRECT("Data!C"&$K$5,FALSE),MATCH(AP25,Data!$A:$A,0)),$BX$12),$BX$11,IFERROR(INDEX(INDIRECT("Data!C"&$K$5,FALSE),MATCH(AP25,Data!$A:$A,0)),$BX$12)),"-") -> 133 | AZ25: =IF(AND(AQ25>=$AC$4,AQ25<=$AU$4),IF(""=IFERROR(INDEX(INDIRECT("Data!C"&$K$5,FALSE),MATCH(AQ25,Data!$A:$A,0)),$BX$12),$BX$11,IFERROR(INDEX(INDIRECT("Data!C"&$K$5,FALSE),MATCH(AQ25,Data!$A:$A,0)),$BX$12)),"-") -> 128 | BA25: =IF(AND(AR25>=$AC$4,AR25<=$AU$4),IF(""=IFERROR(INDEX(INDIRECT("Data!C"&$K$5,FALSE),MATCH(AR25,Data!$A:$A,0)),$BX$12),$BX$11,IFERROR(INDEX(INDIRECT("Data!C"&$K$5,FALSE),MATCH(AR25,Data!$A:$A,0)),$BX$12)),"-") -> 25 | BD25: =BD24+7 -> 42092 | BE25: =BD25+1 -> 42093 | BF25: =BE25+1 -> 42094 | BG25: =BF25+1 -> 42095 | BH25: =BG25+1 -> 42096 | BI25: =BH25+1 -> 42097 | BJ25: =BI25+1 -> 42098 | BL25: {=IFERROR(IF(MATCH(8,DAY(BD25:BJ25),0),BJ25,""),"")} | BM25: =IF(AND(BD25>=$AC$4,BD25<=$AU$4),IF(""=IFERROR(INDEX(INDIRECT("Data!C"&$K$5,FALSE),MATCH(BD25,Data!$A:$A,0)),$BX$12),$BX$11,IFERROR(INDEX(INDIRECT("Data!C"&$K$5,FALSE),MATCH(BD25,Data!$A:$A,0)),$BX$12)),"-") -> 18 | BN25: =IF(AND(BE25>=$AC$4,BE25<=$AU$4),IF(""=IFERROR(INDEX(INDIRECT("Data!C"&$K$5,FALSE),MATCH(BE25,Data!$A:$A,0)),$BX$12),$BX$11,IFERROR(INDEX(INDIRECT("Data!C"&$K$5,FALSE),MATCH(BE25,Data!$A:$A,0)),$BX$12)),"-") -> 196 | BO25: =IF(AND(BF25>=$AC$4,BF25<=$AU$4),IF(""=IFERROR(INDEX(INDIRECT("Data!C"&$K$5,FALSE),MATCH(BF25,Data!$A:$A,0)),$BX$12),$BX$11,IFERROR(INDEX(INDIRECT("Data!C"&$K$5,FALSE),MATCH(BF25,Data!$A:$A,0)),$BX$12)),"-") -> 130 | BP25: =IF(AND(BG25>=$AC$4,BG25<=$AU$4),IF(""=IFERROR(INDEX(INDIRECT("Data!C"&$K$5,FALSE),MATCH(BG25,Data!$A:$A,0)),$BX$12),$BX$11,IFERROR(INDEX(INDIRECT("Data!C"&$K$5,FALSE),MATCH(BG25,Data!$A:$A,0)),$BX$12)),"-") -> 130 | BQ25: =IF(AND(BH25>=$AC$4,BH25<=$AU$4),IF(""=IFERROR(INDEX(INDIRECT("Data!C"&$K$5,FALSE),MATCH(BH25,Data!$A:$A,0)),$BX$12),$BX$11,IFERROR(INDEX(INDIRECT("Data!C"&$K$5,FALSE),MATCH(BH25,Data!$A:$A,0)),$BX$12)),"-") -> 142 | BR25: =IF(AND(BI25>=$AC$4,BI25<=$AU$4),IF(""=IFERROR(INDEX(INDIRECT("Data!C"&$K$5,FALSE),MATCH(BI25,Data!$A:$A,0)),$BX$12),$BX$11,IFERROR(INDEX(INDIRECT("Data!C"&$K$5,FALSE),MATCH(BI25,Data!$A:$A,0)),$BX$12)),"-") -> 120 | BS25: =IF(AND(BJ25>=$AC$4,BJ25<=$AU$4),IF(""=IFERROR(INDEX(INDIRECT("Data!C"&$K$5,FALSE),MATCH(BJ25,Data!$A:$A,0)),$BX$12),$BX$11,IFERROR(INDEX(INDIRECT("Data!C"&$K$5,FALSE),MATCH(BJ25,Data!$A:$A,0)),$BX$12)),"-") -> 48 | BU25: =AVERAGE(K25:Q25,AC25:AI25,AU25:BA25,BM25:BS25) -> 111.17857
B26: =B25+7 -> 41007 | C26: =B26+1 -> 41008 | D26: =C26+1 -> 41009 | E26: =D26+1 -> 41010 | F26: =E26+1 -> 41011 | G26: =F26+1 -> 41012 | H26: =G26+1 -> 41013 | J26: {=IFERROR(IF(MATCH(8,DAY(B26:H26),0),H26,""),"")} -> 41013 | K26: =IF(AND(B26>=$AC$4,B26<=$AU$4),IF(""=IFERROR(INDEX(INDIRECT("Data!C"&$K$5,FALSE),MATCH(B26,Data!$A:$A,0)),$BX$12),$BX$11,IFERROR(INDEX(INDIRECT("Data!C"&$K$5,FALSE),MATCH(B26,Data!$A:$A,0)),$BX$12)),"-") -> 15 | L26: =IF(AND(C26>=$AC$4,C26<=$AU$4),IF(""=IFERROR(INDEX(INDIRECT("Data!C"&$K$5,FALSE),MATCH(C26,Data!$A:$A,0)),$BX$12),$BX$11,IFERROR(INDEX(INDIRECT("Data!C"&$K$5,FALSE),MATCH(C26,Data!$A:$A,0)),$BX$12)),"-") -> 149 | M26: =IF(AND(D26>=$AC$4,D26<=$AU$4),IF(""=IFERROR(INDEX(INDIRECT("Data!C"&$K$5,FALSE),MATCH(D26,Data!$A:$A,0)),$BX$12),$BX$11,IFERROR(INDEX(INDIRECT("Data!C"&$K$5,FALSE),MATCH(D26,Data!$A:$A,0)),$BX$12)),"-") -> 227 | N26: =IF(AND(E26>=$AC$4,E26<=$AU$4),IF(""=IFERROR(INDEX(INDIRECT("Data!C"&$K$5,FALSE),MATCH(E26,Data!$A:$A,0)),$BX$12),$BX$11,IFERROR(INDEX(INDIRECT("Data!C"&$K$5,FALSE),MATCH(E26,Data!$A:$A,0)),$BX$12)),"-") -> 218 | O26: =IF(AND(F26>=$AC$4,F26<=$AU$4),IF(""=IFERROR(INDEX(INDIRECT("Data!C"&$K$5,FALSE),MATCH(F26,Data!$A:$A,0)),$BX$12),$BX$11,IFERROR(INDEX(INDIRECT("Data!C"&$K$5,FALSE),MATCH(F26,Data!$A:$A,0)),$BX$12)),"-") -> 189 | P26: =IF(AND(G26>=$AC$4,G26<=$AU$4),IF(""=IFERROR(INDEX(INDIRECT("Data!C"&$K$5,FALSE),MATCH(G26,Data!$A:$A,0)),$BX$12),$BX$11,IFERROR(INDEX(INDIRECT("Data!C"&$K$5,FALSE),MATCH(G26,Data!$A:$A,0)),$BX$12)),"-") -> 166 | Q26: =IF(AND(H26>=$AC$4,H26<=$AU$4),IF(""=IFERROR(INDEX(INDIRECT("Data!C"&$K$5,FALSE),MATCH(H26,Data!$A:$A,0)),$BX$12),$BX$11,IFERROR(INDEX(INDIRECT("Data!C"&$K$5,FALSE),MATCH(H26,Data!$A:$A,0)),$BX$12)),"-") -> 55 | T26: =T25+7 -> 41371 | U26: =T26+1 -> 41372 | V26: =U26+1 -> 41373 | W26: =V26+1 -> 41374 | X26: =W26+1 -> 41375 | Y26: =X26+1 -> 41376 | Z26: =Y26+1 -> 41377 | AB26: {=IFERROR(IF(MATCH(8,DAY(T26:Z26),0),Z26,""),"")} -> 41377 | AC26: =IF(AND(T26>=$AC$4,T26<=$AU$4),IF(""=IFERROR(INDEX(INDIRECT("Data!C"&$K$5,FALSE),MATCH(T26,Data!$A:$A,0)),$BX$12),$BX$11,IFERROR(INDEX(INDIRECT("Data!C"&$K$5,FALSE),MATCH(T26,Data!$A:$A,0)),$BX$12)),"-") -> 26 | AD26: =IF(AND(U26>=$AC$4,U26<=$AU$4),IF(""=IFERROR(INDEX(INDIRECT("Data!C"&$K$5,FALSE),MATCH(U26,Data!$A:$A,0)),$BX$12),$BX$11,IFERROR(INDEX(INDIRECT("Data!C"&$K$5,FALSE),MATCH(U26,Data!$A:$A,0)),$BX$12)),"-") -> 136 | AE26: =IF(AND(V26>=$AC$4,V26<=$AU$4),IF(""=IFERROR(INDEX(INDIRECT("Data!C"&$K$5,FALSE),MATCH(V26,Data!$A:$A,0)),$BX$12),$BX$11,IFERROR(INDEX(INDIRECT("Data!C"&$K$5,FALSE),MATCH(V26,Data!$A:$A,0)),$BX$12)),"-") -> 184 | AF26: =IF(AND(W26>=$AC$4,W26<=$AU$4),IF(""=IFERROR(INDEX(INDIRECT("Data!C"&$K$5,FALSE),MATCH(W26,Data!$A:$A,0)),$BX$12),$BX$11,IFERROR(INDEX(INDIRECT("Data!C"&$K$5,FALSE),MATCH(W26,Data!$A:$A,0)),$BX$12)),"-") -> 167 | AG26: =IF(AND(X26>=$AC$4,X26<=$AU$4),IF(""=IFERROR(INDEX(INDIRECT("Data!C"&$K$5,FALSE),MATCH(X26,Data!$A:$A,0)),$BX$12),$BX$11,IFERROR(INDEX(INDIRECT("Data!C"&$K$5,FALSE),MATCH(X26,Data!$A:$A,0)),$BX$12)),"-") -> 174 | AH26: =IF(AND(Y26>=$AC$4,Y26<=$AU$4),IF(""=IFERROR(INDEX(INDIRECT("Data!C"&$K$5,FALSE),MATCH(Y26,Data!$A:$A,0)),$BX$12),$BX$11,IFERROR(INDEX(INDIRECT("Data!C"&$K$5,FALSE),MATCH(Y26,Data!$A:$A,0)),$BX$12)),"-") -> 145 | AI26: =IF(AND(Z26>=$AC$4,Z26<=$AU$4),IF(""=IFERROR(INDEX(INDIRECT("Data!C"&$K$5,FALSE),MATCH(Z26,Data!$A:$A,0)),$BX$12),$BX$11,IFERROR(INDEX(INDIRECT("Data!C"&$K$5,FALSE),MATCH(Z26,Data!$A:$A,0)),$BX$12)),"-") -> 52 | AL26: =AL25+7 -> 41735 | AM26: =AL26+1 -> 41736 | AN26: =AM26+1 -> 41737 | AO26: =AN26+1 -> 41738 | AP26: =AO26+1 -> 41739 | AQ26: =AP26+1 -> 41740 | AR26: =AQ26+1 -> 41741 | AT26: {=IFERROR(IF(MATCH(8,DAY(AL26:AR26),0),AR26,""),"")} -> 41741 | AU26: =IF(AND(AL26>=$AC$4,AL26<=$AU$4),IF(""=IFERROR(INDEX(INDIRECT("Data!C"&$K$5,FALSE),MATCH(AL26,Data!$A:$A,0)),$BX$12),$BX$11,IFERROR(INDEX(INDIRECT("Data!C"&$K$5,FALSE),MATCH(AL26,Data!$A:$A,0)),$BX$12)),"-") -> 21 | AV26: =IF(AND(AM26>=$AC$4,AM26<=$AU$4),IF(""=IFERROR(INDEX(INDIRECT("Data!C"&$K$5,FALSE),MATCH(AM26,Data!$A:$A,0)),$BX$12),$BX$11,IFERROR(INDEX(INDIRECT("Data!C"&$K$5,FALSE),MATCH(AM26,Data!$A:$A,0)),$BX$12)),"-") -> 234 | AW26: =IF(AND(AN26>=$AC$4,AN26<=$AU$4),IF(""=IFERROR(INDEX(INDIRECT("Data!C"&$K$5,FALSE),MATCH(AN26,Data!$A:$A,0)),$BX$12),$BX$11,IFERROR(INDEX(INDIRECT("Data!C"&$K$5,FALSE),MATCH(AN26,Data!$A:$A,0)),$BX$12)),"-") -> 217 | AX26: =IF(AND(AO26>=$AC$4,AO26<=$AU$4),IF(""=IFERROR(INDEX(INDIRECT("Data!C"&$K$5,FALSE),MATCH(AO26,Data!$A:$A,0)),$BX$12),$BX$11,IFERROR(INDEX(INDIRECT("Data!C"&$K$5,FALSE),MATCH(AO26,Data!$A:$A,0)),$BX$12)),"-") -> 168 | AY26: =IF(AND(AP26>=$AC$4,AP26<=$AU$4),IF(""=IFERROR(INDEX(INDIRECT("Data!C"&$K$5,FALSE),MATCH(AP26,Data!$A:$A,0)),$BX$12),$BX$11,IFERROR(INDEX(INDIRECT("Data!C"&$K$5,FALSE),MATCH(AP26,Data!$A:$A,0)),$BX$12)),"-") -> 211 | AZ26: =IF(AND(AQ26>=$AC$4,AQ26<=$AU$4),IF(""=IFERROR(INDEX(INDIRECT("Data!C"&$K$5,FALSE),MATCH(AQ26,Data!$A:$A,0)),$BX$12),$BX$11,IFERROR(INDEX(INDIRECT("Data!C"&$K$5,FALSE),MATCH(AQ26,Data!$A:$A,0)),$BX$12)),"-") -> 135 | BA26: =IF(AND(AR26>=$AC$4,AR26<=$AU$4),IF(""=IFERROR(INDEX(INDIRECT("Data!C"&$K$5,FALSE),MATCH(AR26,Data!$A:$A,0)),$BX$12),$BX$11,IFERROR(INDEX(INDIRECT("Data!C"&$K$5,FALSE),MATCH(AR26,Data!$A:$A,0)),$BX$12)),"-") -> 40 | BD26: =BD25+7 -> 42099 | BE26: =BD26+1 -> 42100 | BF26: =BE26+1 -> 42101 | BG26: =BF26+1 -> 42102 | BH26: =BG26+1 -> 42103 | BI26: =BH26+1 -> 42104 | BJ26: =BI26+1 -> 42105 | BL26: {=IFERROR(IF(MATCH(8,DAY(BD26:BJ26),0),BJ26,""),"")} -> 42105 | BM26: =IF(AND(BD26>=$AC$4,BD26<=$AU$4),IF(""=IFERROR(INDEX(INDIRECT("Data!C"&$K$5,FALSE),MATCH(BD26,Data!$A:$A,0)),$BX$12),$BX$11,IFERROR(INDEX(INDIRECT("Data!C"&$K$5,FALSE),MATCH(BD26,Data!$A:$A,0)),$BX$12)),"-") -> 20 | BN26: =IF(AND(BE26>=$AC$4,BE26<=$AU$4),IF(""=IFERROR(INDEX(INDIRECT("Data!C"&$K$5,FALSE),MATCH(BE26,Data!$A:$A,0)),$BX$12),$BX$11,IFERROR(INDEX(INDIRECT("Data!C"&$K$5,FALSE),MATCH(BE26,Data!$A:$A,0)),$BX$12)),"-") -> 301 | BO26: =IF(AND(BF26>=$AC$4,BF26<=$AU$4),IF(""=IFERROR(INDEX(INDIRECT("Data!C"&$K$5,FALSE),MATCH(BF26,Data!$A:$A,0)),$BX$12),$BX$11,IFERROR(INDEX(INDIRECT("Data!C"&$K$5,FALSE),MATCH(BF26,Data!$A:$A,0)),$BX$12)),"-") -> 264 | BP26: =IF(AND(BG26>=$AC$4,BG26<=$AU$4),IF(""=IFERROR(INDEX(INDIRECT("Data!C"&$K$5,FALSE),MATCH(BG26,Data!$A:$A,0)),$BX$12),$BX$11,IFERROR(INDEX(INDIRECT("Data!C"&$K$5,FALSE),MATCH(BG26,Data!$A:$A,0)),$BX$12)),"-") -> 247 | BQ26: =IF(AND(BH26>=$AC$4,BH26<=$AU$4),IF(""=IFERROR(INDEX(INDIRECT("Data!C"&$K$5,FALSE),MATCH(BH26,Data!$A:$A,0)),$BX$12),$BX$11,IFERROR(INDEX(INDIRECT("Data!C"&$K$5,FALSE),MATCH(BH26,Data!$A:$A,0)),$BX$12)),"-") -> 128 | BR26: =IF(AND(BI26>=$AC$4,BI26<=$AU$4),IF(""=IFERROR(INDEX(INDIRECT("Data!C"&$K$5,FALSE),MATCH(BI26,Data!$A:$A,0)),$BX$12),$BX$11,IFERROR(INDEX(INDIRECT("Data!C"&$K$5,FALSE),MATCH(BI26,Data!$A:$A,0)),$BX$12)),"-") -> 140 | BS26: =IF(AND(BJ26>=$AC$4,BJ26<=$AU$4),IF(""=IFERROR(INDEX(INDIRECT("Data!C"&$K$5,FALSE),MATCH(BJ26,Data!$A:$A,0)),$BX$12),$BX$11,IFERROR(INDEX(INDIRECT("Data!C"&$K$5,FALSE),MATCH(BJ26,Data!$A:$A,0)),$BX$12)),"-") -> 37 | BU26: =AVERAGE(K26:Q26,AC26:AI26,AU26:BA26,BM26:BS26) -> 145.21429
B27: =B26+7 -> 41014 | C27: =B27+1 -> 41015 | D27: =C27+1 -> 41016 | E27: =D27+1 -> 41017 | F27: =E27+1 -> 41018 | G27: =F27+1 -> 41019 | H27: =G27+1 -> 41020 | J27: {=IFERROR(IF(MATCH(8,DAY(B27:H27),0),H27,""),"")} | K27: =IF(AND(B27>=$AC$4,B27<=$AU$4),IF(""=IFERROR(INDEX(INDIRECT("Data!C"&$K$5,FALSE),MATCH(B27,Data!$A:$A,0)),$BX$12),$BX$11,IFERROR(INDEX(INDIRECT("Data!C"&$K$5,FALSE),MATCH(B27,Data!$A:$A,0)),$BX$12)),"-") -> 16 | L27: =IF(AND(C27>=$AC$4,C27<=$AU$4),IF(""=IFERROR(INDEX(INDIRECT("Data!C"&$K$5,FALSE),MATCH(C27,Data!$A:$A,0)),$BX$12),$BX$11,IFERROR(INDEX(INDIRECT("Data!C"&$K$5,FALSE),MATCH(C27,Data!$A:$A,0)),$BX$12)),"-") -> 109 | M27: =IF(AND(D27>=$AC$4,D27<=$AU$4),IF(""=IFERROR(INDEX(INDIRECT("Data!C"&$K$5,FALSE),MATCH(D27,Data!$A:$A,0)),$BX$12),$BX$11,IFERROR(INDEX(INDIRECT("Data!C"&$K$5,FALSE),MATCH(D27,Data!$A:$A,0)),$BX$12)),"-") -> 228 | N27: =IF(AND(E27>=$AC$4,E27<=$AU$4),IF(""=IFERROR(INDEX(INDIRECT("Data!C"&$K$5,FALSE),MATCH(E27,Data!$A:$A,0)),$BX$12),$BX$11,IFERROR(INDEX(INDIRECT("Data!C"&$K$5,FALSE),MATCH(E27,Data!$A:$A,0)),$BX$12)),"-") -> 158 | O27: =IF(AND(F27>=$AC$4,F27<=$AU$4),IF(""=IFERROR(INDEX(INDIRECT("Data!C"&$K$5,FALSE),MATCH(F27,Data!$A:$A,0)),$BX$12),$BX$11,IFERROR(INDEX(INDIRECT("Data!C"&$K$5,FALSE),MATCH(F27,Data!$A:$A,0)),$BX$12)),"-") -> 139 | P27: =IF(AND(G27>=$AC$4,G27<=$AU$4),IF(""=IFERROR(INDEX(INDIRECT("Data!C"&$K$5,FALSE),MATCH(G27,Data!$A:$A,0)),$BX$12),$BX$11,IFERROR(INDEX(INDIRECT("Data!C"&$K$5,FALSE),MATCH(G27,Data!$A:$A,0)),$BX$12)),"-") -> 68 | Q27: =IF(AND(H27>=$AC$4,H27<=$AU$4),IF(""=IFERROR(INDEX(INDIRECT("Data!C"&$K$5,FALSE),MATCH(H27,Data!$A:$A,0)),$BX$12),$BX$11,IFERROR(INDEX(INDIRECT("Data!C"&$K$5,FALSE),MATCH(H27,Data!$A:$A,0)),$BX$12)),"-") -> 51 | T27: =T26+7 -> 41378 | U27: =T27+1 -> 41379 | V27: =U27+1 -> 41380 | W27: =V27+1 -> 41381 | X27: =W27+1 -> 41382 | Y27: =X27+1 -> 41383 | Z27: =Y27+1 -> 41384 | AB27: {=IFERROR(IF(MATCH(8,DAY(T27:Z27),0),Z27,""),"")} | AC27: =IF(AND(T27>=$AC$4,T27<=$AU$4),IF(""=IFERROR(INDEX(INDIRECT("Data!C"&$K$5,FALSE),MATCH(T27,Data!$A:$A,0)),$BX$12),$BX$11,IFERROR(INDEX(INDIRECT("Data!C"&$K$5,FALSE),MATCH(T27,Data!$A:$A,0)),$BX$12)),"-") -> 25 | AD27: =IF(AND(U27>=$AC$4,U27<=$AU$4),IF(""=IFERROR(INDEX(INDIRECT("Data!C"&$K$5,FALSE),MATCH(U27,Data!$A:$A,0)),$BX$12),$BX$11,IFERROR(INDEX(INDIRECT("Data!C"&$K$5,FALSE),MATCH(U27,Data!$A:$A,0)),$BX$12)),"-") -> 228 | AE27: =IF(AND(V27>=$AC$4,V27<=$AU$4),IF(""=IFERROR(INDEX(INDIRECT("Data!C"&$K$5,FALSE),MATCH(V27,Data!$A:$A,0)),$BX$12),$BX$11,IFERROR(INDEX(INDIRECT("Data!C"&$K$5,FALSE),MATCH(V27,Data!$A:$A,0)),$BX$12)),"-") -> 189 | AF27: =IF(AND(W27>=$AC$4,W27<=$AU$4),IF(""=IFERROR(INDEX(INDIRECT("Data!C"&$K$5,FALSE),MATCH(W27,Data!$A:$A,0)),$BX$12),$BX$11,IFERROR(INDEX(INDIRECT("Data!C"&$K$5,FALSE),MATCH(W27,Data!$A:$A,0)),$BX$12)),"-") -> 237 | AG27: =IF(AND(X27>=$AC$4,X27<=$AU$4),IF(""=IFERROR(INDEX(INDIRECT("Data!C"&$K$5,FALSE),MATCH(X27,Data!$A:$A,0)),$BX$12),$BX$11,IFERROR(INDEX(INDIRECT("Data!C"&$K$5,FALSE),MATCH(X27,Data!$A:$A,0)),$BX$12)),"-") -> 223 | AH27: =IF(AND(Y27>=$AC$4,Y27<=$AU$4),IF(""=IFERROR(INDEX(INDIRECT("Data!C"&$K$5,FALSE),MATCH(Y27,Data!$A:$A,0)),$BX$12),$BX$11,IFERROR(INDEX(INDIRECT("Data!C"&$K$5,FALSE),MATCH(Y27,Data!$A:$A,0)),$BX$12)),"-") -> 116 | AI27: =IF(AND(Z27>=$AC$4,Z27<=$AU$4),IF(""=IFERROR(INDEX(INDIRECT("Data!C"&$K$5,FALSE),MATCH(Z27,Data!$A:$A,0)),$BX$12),$BX$11,IFERROR(INDEX(INDIRECT("Data!C"&$K$5,FALSE),MATCH(Z27,Data!$A:$A,0)),$BX$12)),"-") -> 61 | AL27: =AL26+7 -> 41742 | AM27: =AL27+1 -> 41743 | AN27: =AM27+1 -> 41744 | AO27: =AN27+1 -> 41745 | AP27: =AO27+1 -> 41746 | AQ27: =AP27+1 -> 41747 | AR27: =AQ27+1 -> 41748 | AT27: {=IFERROR(IF(MATCH(8,DAY(AL27:AR27),0),AR27,""),"")} | AU27: =IF(AND(AL27>=$AC$4,AL27<=$AU$4),IF(""=IFERROR(INDEX(INDIRECT("Data!C"&$K$5,FALSE),MATCH(AL27,Data!$A:$A,0)),$BX$12),$BX$11,IFERROR(INDEX(INDIRECT("Data!C"&$K$5,FALSE),MATCH(AL27,Data!$A:$A,0)),$BX$12)),"-") -> 12 | AV27: =IF(AND(AM27>=$AC$4,AM27<=$AU$4),IF(""=IFERROR(INDEX(INDIRECT("Data!C"&$K$5,FALSE),MATCH(AM27,Data!$A:$A,0)),$BX$12),$BX$11,IFERROR(INDEX(INDIRECT("Data!C"&$K$5,FALSE),MATCH(AM27,Data!$A:$A,0)),$BX$12)),"-") -> 195 | AW27: =IF(AND(AN27>=$AC$4,AN27<=$AU$4),IF(""=IFERROR(INDEX(INDIRECT("Data!C"&$K$5,FALSE),MATCH(AN27,Data!$A:$A,0)),$BX$12),$BX$11,IFERROR(INDEX(INDIRECT("Data!C"&$K$5,FALSE),MATCH(AN27,Data!$A:$A,0)),$BX$12)),"-") -> 267 | AX27: =IF(AND(AO27>=$AC$4,AO27<=$AU$4),IF(""=IFERROR(INDEX(INDIRECT("Data!C"&$K$5,FALSE),MATCH(AO27,Data!$A:$A,0)),$BX$12),$BX$11,IFERROR(INDEX(INDIRECT("Data!C"&$K$5,FALSE),MATCH(AO27,Data!$A:$A,0)),$BX$12)),"-") -> 204 | AY27: =IF(AND(AP27>=$AC$4,AP27<=$AU$4),IF(""=IFERROR(INDEX(INDIRECT("Data!C"&$K$5,FALSE),MATCH(AP27,Data!$A:$A,0)),$BX$12),$BX$11,IFERROR(INDEX(INDIRECT("Data!C"&$K$5,FALSE),MATCH(AP27,Data!$A:$A,0)),$BX$12)),"-") -> 207 | AZ27: =IF(AND(AQ27>=$AC$4,AQ27<=$AU$4),IF(""=IFERROR(INDEX(INDIRECT("Data!C"&$K$5,FALSE),MATCH(AQ27,Data!$A:$A,0)),$BX$12),$BX$11,IFERROR(INDEX(INDIRECT("Data!C"&$K$5,FALSE),MATCH(AQ27,Data!$A:$A,0)),$BX$12)),"-") -> 144 | BA27: =IF(AND(AR27>=$AC$4,AR27<=$AU$4),IF(""=IFERROR(INDEX(INDIRECT("Data!C"&$K$5,FALSE),MATCH(AR27,Data!$A:$A,0)),$BX$12),$BX$11,IFERROR(INDEX(INDIRECT("Data!C"&$K$5,FALSE),MATCH(AR27,Data!$A:$A,0)),$BX$12)),"-") -> 64 | BD27: =BD26+7 -> 42106 | BE27: =BD27+1 -> 42107 | BF27: =BE27+1 -> 42108 | BG27: =BF27+1 -> 42109 | BH27: =BG27+1 -> 42110 | BI27: =BH27+1 -> 42111 | BJ27: =BI27+1 -> 42112 | BL27: {=IFERROR(IF(MATCH(8,DAY(BD27:BJ27),0),BJ27,""),"")} | BM27: =IF(AND(BD27>=$AC$4,BD27<=$AU$4),IF(""=IFERROR(INDEX(INDIRECT("Data!C"&$K$5,FALSE),MATCH(BD27,Data!$A:$A,0)),$BX$12),$BX$11,IFERROR(INDEX(INDIRECT("Data!C"&$K$5,FALSE),MATCH(BD27,Data!$A:$A,0)),$BX$12)),"-") -> 19 | BN27: =IF(AND(BE27>=$AC$4,BE27<=$AU$4),IF(""=IFERROR(INDEX(INDIRECT("Data!C"&$K$5,FALSE),MATCH(BE27,Data!$A:$A,0)),$BX$12),$BX$11,IFERROR(INDEX(INDIRECT("Data!C"&$K$5,FALSE),MATCH(BE27,Data!$A:$A,0)),$BX$12)),"-") -> 189 | BO27: =IF(AND(BF27>=$AC$4,BF27<=$AU$4),IF(""=IFERROR(INDEX(INDIRECT("Data!C"&$K$5,FALSE),MATCH(BF27,Data!$A:$A,0)),$BX$12),$BX$11,IFERROR(INDEX(INDIRECT("Data!C"&$K$5,FALSE),MATCH(BF27,Data!$A:$A,0)),$BX$12)),"-") -> 242 | BP27: =IF(AND(BG27>=$AC$4,BG27<=$AU$4),IF(""=IFERROR(INDEX(INDIRECT("Data!C"&$K$5,FALSE),MATCH(BG27,Data!$A:$A,0)),$BX$12),$BX$11,IFERROR(INDEX(INDIRECT("Data!C"&$K$5,FALSE),MATCH(BG27,Data!$A:$A,0)),$BX$12)),"-") -> 286 | BQ27: =IF(AND(BH27>=$AC$4,BH27<=$AU$4),IF(""=IFERROR(INDEX(INDIRECT("Data!C"&$K$5,FALSE),MATCH(BH27,Data!$A:$A,0)),$BX$12),$BX$11,IFERROR(INDEX(INDIRECT("Data!C"&$K$5,FALSE),MATCH(BH27,Data!$A:$A,0)),$BX$12)),"-") -> 212 | BR27: =IF(AND(BI27>=$AC$4,BI27<=$AU$4),IF(""=IFERROR(INDEX(INDIRECT("Data!C"&$K$5,FALSE),MATCH(BI27,Data!$A:$A,0)),$BX$12),$BX$11,IFERROR(INDEX(INDIRECT("Data!C"&$K$5,FALSE),MATCH(BI27,Data!$A:$A,0)),$BX$12)),"-") -> 130 | BS27: =IF(AND(BJ27>=$AC$4,BJ27<=$AU$4),IF(""=IFERROR(INDEX(INDIRECT("Data!C"&$K$5,FALSE),MATCH(BJ27,Data!$A:$A,0)),$BX$12),$BX$11,IFERROR(INDEX(INDIRECT("Data!C"&$K$5,FALSE),MATCH(BJ27,Data!$A:$A,0)),$BX$12)),"-") -> 44 | BU27: =AVERAGE(K27:Q27,AC27:AI27,AU27:BA27,BM27:BS27) -> 145.10714
B28: =B27+7 -> 41021 | C28: =B28+1 -> 41022 | D28: =C28+1 -> 41023 | E28: =D28+1 -> 41024 | F28: =E28+1 -> 41025 | G28: =F28+1 -> 41026 | H28: =G28+1 -> 41027 | J28: {=IFERROR(IF(MATCH(8,DAY(B28:H28),0),H28,""),"")} | K28: =IF(AND(B28>=$AC$4,B28<=$AU$4),IF(""=IFERROR(INDEX(INDIRECT("Data!C"&$K$5,FALSE),MATCH(B28,Data!$A:$A,0)),$BX$12),$BX$11,IFERROR(INDEX(INDIRECT("Data!C"&$K$5,FALSE),MATCH(B28,Data!$A:$A,0)),$BX$12)),"-") -> 26 | L28: =IF(AND(C28>=$AC$4,C28<=$AU$4),IF(""=IFERROR(INDEX(INDIRECT("Data!C"&$K$5,FALSE),MATCH(C28,Data!$A:$A,0)),$BX$12),$BX$11,IFERROR(INDEX(INDIRECT("Data!C"&$K$5,FALSE),MATCH(C28,Data!$A:$A,0)),$BX$12)),"-") -> 300 | M28: =IF(AND(D28>=$AC$4,D28<=$AU$4),IF(""=IFERROR(INDEX(INDIRECT("Data!C"&$K$5,FALSE),MATCH(D28,Data!$A:$A,0)),$BX$12),$BX$11,IFERROR(INDEX(INDIRECT("Data!C"&$K$5,FALSE),MATCH(D28,Data!$A:$A,0)),$BX$12)),"-") -> 123 | N28: =IF(AND(E28>=$AC$4,E28<=$AU$4),IF(""=IFERROR(INDEX(INDIRECT("Data!C"&$K$5,FALSE),MATCH(E28,Data!$A:$A,0)),$BX$12),$BX$11,IFERROR(INDEX(INDIRECT("Data!C"&$K$5,FALSE),MATCH(E28,Data!$A:$A,0)),$BX$12)),"-") -> 194 | O28: =IF(AND(F28>=$AC$4,F28<=$AU$4),IF(""=IFERROR(INDEX(INDIRECT("Data!C"&$K$5,FALSE),MATCH(F28,Data!$A:$A,0)),$BX$12),$BX$11,IFERROR(INDEX(INDIRECT("Data!C"&$K$5,FALSE),MATCH(F28,Data!$A:$A,0)),$BX$12)),"-") -> 196 | P28: =IF(AND(G28>=$AC$4,G28<=$AU$4),IF(""=IFERROR(INDEX(INDIRECT("Data!C"&$K$5,FALSE),MATCH(G28,Data!$A:$A,0)),$BX$12),$BX$11,IFERROR(INDEX(INDIRECT("Data!C"&$K$5,FALSE),MATCH(G28,Data!$A:$A,0)),$BX$12)),"-") -> 118 | Q28: =IF(AND(H28>=$AC$4,H28<=$AU$4),IF(""=IFERROR(INDEX(INDIRECT("Data!C"&$K$5,FALSE),MATCH(H28,Data!$A:$A,0)),$BX$12),$BX$11,IFERROR(INDEX(INDIRECT("Data!C"&$K$5,FALSE),MATCH(H28,Data!$A:$A,0)),$BX$12)),"-") -> 68 | T28: =T27+7 -> 41385 | U28: =T28+1 -> 41386 | V28: =U28+1 -> 41387 | W28: =V28+1 -> 41388 | X28: =W28+1 -> 41389 | Y28: =X28+1 -> 41390 | Z28: =Y28+1 -> 41391 | AB28: {=IFERROR(IF(MATCH(8,DAY(T28:Z28),0),Z28,""),"")} | AC28: =IF(AND(T28>=$AC$4,T28<=$AU$4),IF(""=IFERROR(INDEX(INDIRECT("Data!C"&$K$5,FALSE),MATCH(T28,Data!$A:$A,0)),$BX$12),$BX$11,IFERROR(INDEX(INDIRECT("Data!C"&$K$5,FALSE),MATCH(T28,Data!$A:$A,0)),$BX$12)),"-") -> 31 | AD28: =IF(AND(U28>=$AC$4,U28<=$AU$4),IF(""=IFERROR(INDEX(INDIRECT("Data!C"&$K$5,FALSE),MATCH(U28,Data!$A:$A,0)),$BX$12),$BX$11,IFERROR(INDEX(INDIRECT("Data!C"&$K$5,FALSE),MATCH(U28,Data!$A:$A,0)),$BX$12)),"-") -> 334 | AE28: =IF(AND(V28>=$AC$4,V28<=$AU$4),IF(""=IFERROR(INDEX(INDIRECT("Data!C"&$K$5,FALSE),MATCH(V28,Data!$A:$A,0)),$BX$12),$BX$11,IFERROR(INDEX(INDIRECT("Data!C"&$K$5,FALSE),MATCH(V28,Data!$A:$A,0)),$BX$12)),"-") -> 171 | AF28: =IF(AND(W28>=$AC$4,W28<=$AU$4),IF(""=IFERROR(INDEX(INDIRECT("Data!C"&$K$5,FALSE),MATCH(W28,Data!$A:$A,0)),$BX$12),$BX$11,IFERROR(INDEX(INDIRECT("Data!C"&$K$5,FALSE),MATCH(W28,Data!$A:$A,0)),$BX$12)),"-") -> 159 | AG28: =IF(AND(X28>=$AC$4,X28<=$AU$4),IF(""=IFERROR(INDEX(INDIRECT("Data!C"&$K$5,FALSE),MATCH(X28,Data!$A:$A,0)),$BX$12),$BX$11,IFERROR(INDEX(INDIRECT("Data!C"&$K$5,FALSE),MATCH(X28,Data!$A:$A,0)),$BX$12)),"-") -> 215 | AH28: =IF(AND(Y28>=$AC$4,Y28<=$AU$4),IF(""=IFERROR(INDEX(INDIRECT("Data!C"&$K$5,FALSE),MATCH(Y28,Data!$A:$A,0)),$BX$12),$BX$11,IFERROR(INDEX(INDIRECT("Data!C"&$K$5,FALSE),MATCH(Y28,Data!$A:$A,0)),$BX$12)),"-") -> 158 | AI28: =IF(AND(Z28>=$AC$4,Z28<=$AU$4),IF(""=IFERROR(INDEX(INDIRECT("Data!C"&$K$5,FALSE),MATCH(Z28,Data!$A:$A,0)),$BX$12),$BX$11,IFERROR(INDEX(INDIRECT("Data!C"&$K$5,FALSE),MATCH(Z28,Data!$A:$A,0)),$BX$12)),"-") -> 46 | AL28: =AL27+7 -> 41749 | AM28: =AL28+1 -> 41750 | AN28: =AM28+1 -> 41751 | AO28: =AN28+1 -> 41752 | AP28: =AO28+1 -> 41753 | AQ28: =AP28+1 -> 41754 | AR28: =AQ28+1 -> 41755 | AT28: {=IFERROR(IF(MATCH(8,DAY(AL28:AR28),0),AR28,""),"")} | AU28: =IF(AND(AL28>=$AC$4,AL28<=$AU$4),IF(""=IFERROR(INDEX(INDIRECT("Data!C"&$K$5,FALSE),MATCH(AL28,Data!$A:$A,0)),$BX$12),$BX$11,IFERROR(INDEX(INDIRECT("Data!C"&$K$5,FALSE),MATCH(AL28,Data!$A:$A,0)),$BX$12)),"-") -> 22 | AV28: =IF(AND(AM28>=$AC$4,AM28<=$AU$4),IF(""=IFERROR(INDEX(INDIRECT("Data!C"&$K$5,FALSE),MATCH(AM28,Data!$A:$A,0)),$BX$12),$BX$11,IFERROR(INDEX(INDIRECT("Data!C"&$K$5,FALSE),MATCH(AM28,Data!$A:$A,0)),$BX$12)),"-") -> 211 | AW28: =IF(AND(AN28>=$AC$4,AN28<=$AU$4),IF(""=IFERROR(INDEX(INDIRECT("Data!C"&$K$5,FALSE),MATCH(AN28,Data!$A:$A,0)),$BX$12),$BX$11,IFERROR(INDEX(INDIRECT("Data!C"&$K$5,FALSE),MATCH(AN28,Data!$A:$A,0)),$BX$12)),"-") -> 214 | AX28: =IF(AND(AO28>=$AC$4,AO28<=$AU$4),IF(""=IFERROR(INDEX(INDIRECT("Data!C"&$K$5,FALSE),MATCH(AO28,Data!$A:$A,0)),$BX$12),$BX$11,IFERROR(INDEX(INDIRECT("Data!C"&$K$5,FALSE),MATCH(AO28,Data!$A:$A,0)),$BX$12)),"-") -> 289 | AY28: =IF(AND(AP28>=$AC$4,AP28<=$AU$4),IF(""=IFERROR(INDEX(INDIRECT("Data!C"&$K$5,FALSE),MATCH(AP28,Data!$A:$A,0)),$BX$12),$BX$11,IFERROR(INDEX(INDIRECT("Data!C"&$K$5,FALSE),MATCH(AP28,Data!$A:$A,0)),$BX$12)),"-") -> 245 | AZ28: =IF(AND(AQ28>=$AC$4,AQ28<=$AU$4),IF(""=IFERROR(INDEX(INDIRECT("Data!C"&$K$5,FALSE),MATCH(AQ28,Data!$A:$A,0)),$BX$12),$BX$11,IFERROR(INDEX(INDIRECT("Data!C"&$K$5,FALSE),MATCH(AQ28,Data!$A:$A,0)),$BX$12)),"-") -> 154 | BA28: =IF(AND(AR28>=$AC$4,AR28<=$AU$4),IF(""=IFERROR(INDEX(INDIRECT("Data!C"&$K$5,FALSE),MATCH(AR28,Data!$A:$A,0)),$BX$12),$BX$11,IFERROR(INDEX(INDIRECT("Data!C"&$K$5,FALSE),MATCH(AR28,Data!$A:$A,0)),$BX$12)),"-") -> 41 | BD28: =BD27+7 -> 42113 | BE28: =BD28+1 -> 42114 | BF28: =BE28+1 -> 42115 | BG28: =BF28+1 -> 42116 | BH28: =BG28+1 -> 42117 | BI28: =BH28+1 -> 42118 | BJ28: =BI28+1 -> 42119 | BL28: {=IFERROR(IF(MATCH(8,DAY(BD28:BJ28),0),BJ28,""),"")} | BM28: =IF(AND(BD28>=$AC$4,BD28<=$AU$4),IF(""=IFERROR(INDEX(INDIRECT("Data!C"&$K$5,FALSE),MATCH(BD28,Data!$A:$A,0)),$BX$12),$BX$11,IFERROR(INDEX(INDIRECT("Data!C"&$K$5,FALSE),MATCH(BD28,Data!$A:$A,0)),$BX$12)),"-") -> 20 | BN28: =IF(AND(BE28>=$AC$4,BE28<=$AU$4),IF(""=IFERROR(INDEX(INDIRECT("Data!C"&$K$5,FALSE),MATCH(BE28,Data!$A:$A,0)),$BX$12),$BX$11,IFERROR(INDEX(INDIRECT("Data!C"&$K$5,FALSE),MATCH(BE28,Data!$A:$A,0)),$BX$12)),"-") -> 387 | BO28: =IF(AND(BF28>=$AC$4,BF28<=$AU$4),IF(""=IFERROR(INDEX(INDIRECT("Data!C"&$K$5,FALSE),MATCH(BF28,Data!$A:$A,0)),$BX$12),$BX$11,IFERROR(INDEX(INDIRECT("Data!C"&$K$5,FALSE),MATCH(BF28,Data!$A:$A,0)),$BX$12)),"-") -> 267 | BP28: =IF(AND(BG28>=$AC$4,BG28<=$AU$4),IF(""=IFERROR(INDEX(INDIRECT("Data!C"&$K$5,FALSE),MATCH(BG28,Data!$A:$A,0)),$BX$12),$BX$11,IFERROR(INDEX(INDIRECT("Data!C"&$K$5,FALSE),MATCH(BG28,Data!$A:$A,0)),$BX$12)),"-") -> 254 | BQ28: =IF(AND(BH28>=$AC$4,BH28<=$AU$4),IF(""=IFERROR(INDEX(INDIRECT("Data!C"&$K$5,FALSE),MATCH(BH28,Data!$A:$A,0)),$BX$12),$BX$11,IFERROR(INDEX(INDIRECT("Data!C"&$K$5,FALSE),MATCH(BH28,Data!$A:$A,0)),$BX$12)),"-") -> 210 | BR28: =IF(AND(BI28>=$AC$4,BI28<=$AU$4),IF(""=IFERROR(INDEX(INDIRECT("Data!C"&$K$5,FALSE),MATCH(BI28,Data!$A:$A,0)),$BX$12),$BX$11,IFERROR(INDEX(INDIRECT("Data!C"&$K$5,FALSE),MATCH(BI28,Data!$A:$A,0)),$BX$12)),"-") -> 246 | BS28: =IF(AND(BJ28>=$AC$4,BJ28<=$AU$4),IF(""=IFERROR(INDEX(INDIRECT("Data!C"&$K$5,FALSE),MATCH(BJ28,Data!$A:$A,0)),$BX$12),$BX$11,IFERROR(INDEX(INDIRECT("Data!C"&$K$5,FALSE),MATCH(BJ28,Data!$A:$A,0)),$BX$12)),"-") -> 68 | BU28: =AVERAGE(K28:Q28,AC28:AI28,AU28:BA28,BM28:BS28) -> 170.25
B29: =B28+7 -> 41028 | C29: =B29+1 -> 41029 | D29: =C29+1 -> 41030 | E29: =D29+1 -> 41031 | F29: =E29+1 -> 41032 | G29: =F29+1 -> 41033 | H29: =G29+1 -> 41034 | J29: {=IFERROR(IF(MATCH(8,DAY(B29:H29),0),H29,""),"")} | K29: =IF(AND(B29>=$AC$4,B29<=$AU$4),IF(""=IFERROR(INDEX(INDIRECT("Data!C"&$K$5,FALSE),MATCH(B29,Data!$A:$A,0)),$BX$12),$BX$11,IFERROR(INDEX(INDIRECT("Data!C"&$K$5,FALSE),MATCH(B29,Data!$A:$A,0)),$BX$12)),"-") -> 30 | L29: =IF(AND(C29>=$AC$4,C29<=$AU$4),IF(""=IFERROR(INDEX(INDIRECT("Data!C"&$K$5,FALSE),MATCH(C29,Data!$A:$A,0)),$BX$12),$BX$11,IFERROR(INDEX(INDIRECT("Data!C"&$K$5,FALSE),MATCH(C29,Data!$A:$A,0)),$BX$12)),"-") -> 264 | M29: =IF(AND(D29>=$AC$4,D29<=$AU$4),IF(""=IFERROR(INDEX(INDIRECT("Data!C"&$K$5,FALSE),MATCH(D29,Data!$A:$A,0)),$BX$12),$BX$11,IFERROR(INDEX(INDIRECT("Data!C"&$K$5,FALSE),MATCH(D29,Data!$A:$A,0)),$BX$12)),"-") -> 283 | N29: =IF(AND(E29>=$AC$4,E29<=$AU$4),IF(""=IFERROR(INDEX(INDIRECT("Data!C"&$K$5,FALSE),MATCH(E29,Data!$A:$A,0)),$BX$12),$BX$11,IFERROR(INDEX(INDIRECT("Data!C"&$K$5,FALSE),MATCH(E29,Data!$A:$A,0)),$BX$12)),"-") -> 258 | O29: =IF(AND(F29>=$AC$4,F29<=$AU$4),IF(""=IFERROR(INDEX(INDIRECT("Data!C"&$K$5,FALSE),MATCH(F29,Data!$A:$A,0)),$BX$12),$BX$11,IFERROR(INDEX(INDIRECT("Data!C"&$K$5,FALSE),MATCH(F29,Data!$A:$A,0)),$BX$12)),"-") -> 240 | P29: =IF(AND(G29>=$AC$4,G29<=$AU$4),IF(""=IFERROR(INDEX(INDIRECT("Data!C"&$K$5,FALSE),MATCH(G29,Data!$A:$A,0)),$BX$12),$BX$11,IFERROR(INDEX(INDIRECT("Data!C"&$K$5,FALSE),MATCH(G29,Data!$A:$A,0)),$BX$12)),"-") -> 227 | Q29: =IF(AND(H29>=$AC$4,H29<=$AU$4),IF(""=IFERROR(INDEX(INDIRECT("Data!C"&$K$5,FALSE),MATCH(H29,Data!$A:$A,0)),$BX$12),$BX$11,IFERROR(INDEX(INDIRECT("Data!C"&$K$5,FALSE),MATCH(H29,Data!$A:$A,0)),$BX$12)),"-") -> 71 | T29: =T28+7 -> 41392 | U29: =T29+1 -> 41393 | V29: =U29+1 -> 41394 | W29: =V29+1 -> 41395 | X29: =W29+1 -> 41396 | Y29: =X29+1 -> 41397 | Z29: =Y29+1 -> 41398 | AB29: {=IFERROR(IF(MATCH(8,DAY(T29:Z29),0),Z29,""),"")} | AC29: =IF(AND(T29>=$AC$4,T29<=$AU$4),IF(""=IFERROR(INDEX(INDIRECT("Data!C"&$K$5,FALSE),MATCH(T29,Data!$A:$A,0)),$BX$12),$BX$11,IFERROR(INDEX(INDIRECT("Data!C"&$K$5,FALSE),MATCH(T29,Data!$A:$A,0)),$BX$12)),"-") -> 22 | AD29: =IF(AND(U29>=$AC$4,U29<=$AU$4),IF(""=IFERROR(INDEX(INDIRECT("Data!C"&$K$5,FALSE),MATCH(U29,Data!$A:$A,0)),$BX$12),$BX$11,IFERROR(INDEX(INDIRECT("Data!C"&$K$5,FALSE),MATCH(U29,Data!$A:$A,0)),$BX$12)),"-") -> 257 | AE29: =IF(AND(V29>=$AC$4,V29<=$AU$4),IF(""=IFERROR(INDEX(INDIRECT("Data!C"&$K$5,FALSE),MATCH(V29,Data!$A:$A,0)),$BX$12),$BX$11,IFERROR(INDEX(INDIRECT("Data!C"&$K$5,FALSE),MATCH(V29,Data!$A:$A,0)),$BX$12)),"-") -> 297 | AF29: =IF(AND(W29>=$AC$4,W29<=$AU$4),IF(""=IFERROR(INDEX(INDIRECT("Data!C"&$K$5,FALSE),MATCH(W29,Data!$A:$A,0)),$BX$12),$BX$11,IFERROR(INDEX(INDIRECT("Data!C"&$K$5,FALSE),MATCH(W29,Data!$A:$A,0)),$BX$12)),"-") -> 323 | AG29: =IF(AND(X29>=$AC$4,X29<=$AU$4),IF(""=IFERROR(INDEX(INDIRECT("Data!C"&$K$5,FALSE),MATCH(X29,Data!$A:$A,0)),$BX$12),$BX$11,IFERROR(INDEX(INDIRECT("Data!C"&$K$5,FALSE),MATCH(X29,Data!$A:$A,0)),$BX$12)),"-") -> 226 | AH29: =IF(AND(Y29>=$AC$4,Y29<=$AU$4),IF(""=IFERROR(INDEX(INDIRECT("Data!C"&$K$5,FALSE),MATCH(Y29,Data!$A:$A,0)),$BX$12),$BX$11,IFERROR(INDEX(INDIRECT("Data!C"&$K$5,FALSE),MATCH(Y29,Data!$A:$A,0)),$BX$12)),"-") -> 242 | AI29: =IF(AND(Z29>=$AC$4,Z29<=$AU$4),IF(""=IFERROR(INDEX(INDIRECT("Data!C"&$K$5,FALSE),MATCH(Z29,Data!$A:$A,0)),$BX$12),$BX$11,IFERROR(INDEX(INDIRECT("Data!C"&$K$5,FALSE),MATCH(Z29,Data!$A:$A,0)),$BX$12)),"-") -> 84 | AL29: =AL28+7 -> 41756 | AM29: =AL29+1 -> 41757 | AN29: =AM29+1 -> 41758 | AO29: =AN29+1 -> 41759 | AP29: =AO29+1 -> 41760 | AQ29: =AP29+1 -> 41761 | AR29: =AQ29+1 -> 41762 | AT29: {=IFERROR(IF(MATCH(8,DAY(AL29:AR29),0),AR29,""),"")} | AU29: =IF(AND(AL29>=$AC$4,AL29<=$AU$4),IF(""=IFERROR(INDEX(INDIRECT("Data!C"&$K$5,FALSE),MATCH(AL29,Data!$A:$A,0)),$BX$12),$BX$11,IFERROR(INDEX(INDIRECT("Data!C"&$K$5,FALSE),MATCH(AL29,Data!$A:$A,0)),$BX$12)),"-") -> 32 | AV29: =IF(AND(AM29>=$AC$4,AM29<=$AU$4),IF(""=IFERROR(INDEX(INDIRECT("Data!C"&$K$5,FALSE),MATCH(AM29,Data!$A:$A,0)),$BX$12),$BX$11,IFERROR(INDEX(INDIRECT("Data!C"&$K$5,FALSE),MATCH(AM29,Data!$A:$A,0)),$BX$12)),"-") -> 383 | AW29: =IF(AND(AN29>=$AC$4,AN29<=$AU$4),IF(""=IFERROR(INDEX(INDIRECT("Data!C"&$K$5,FALSE),MATCH(AN29,Data!$A:$A,0)),$BX$12),$BX$11,IFERROR(INDEX(INDIRECT("Data!C"&$K$5,FALSE),MATCH(AN29,Data!$A:$A,0)),$BX$12)),"-") -> 320 | AX29: =IF(AND(AO29>=$AC$4,AO29<=$AU$4),IF(""=IFERROR(INDEX(INDIRECT("Data!C"&$K$5,FALSE),MATCH(AO29,Data!$A:$A,0)),$BX$12),$BX$11,IFERROR(INDEX(INDIRECT("Data!C"&$K$5,FALSE),MATCH(AO29,Data!$A:$A,0)),$BX$12)),"-") -> 253 | AY29: =IF(AND(AP29>=$AC$4,AP29<=$AU$4),IF(""=IFERROR(INDEX(INDIRECT("Data!C"&$K$5,FALSE),MATCH(AP29,Data!$A:$A,0)),$BX$12),$BX$11,IFERROR(INDEX(INDIRECT("Data!C"&$K$5,FALSE),MATCH(AP29,Data!$A:$A,0)),$BX$12)),"-") -> 251 | AZ29: =IF(AND(AQ29>=$AC$4,AQ29<=$AU$4),IF(""=IFERROR(INDEX(INDIRECT("Data!C"&$K$5,FALSE),MATCH(AQ29,Data!$A:$A,0)),$BX$12),$BX$11,IFERROR(INDEX(INDIRECT("Data!C"&$K$5,FALSE),MATCH(AQ29,Data!$A:$A,0)),$BX$12)),"-") -> 250 | BA29: =IF(AND(AR29>=$AC$4,AR29<=$AU$4),IF(""=IFERROR(INDEX(INDIRECT("Data!C"&$K$5,FALSE),MATCH(AR29,Data!$A:$A,0)),$BX$12),$BX$11,IFERROR(INDEX(INDIRECT("Data!C"&$K$5,FALSE),MATCH(AR29,Data!$A:$A,0)),$BX$12)),"-") -> 67 | BD29: =BD28+7 -> 42120 | BE29: =BD29+1 -> 42121 | BF29: =BE29+1 -> 42122 | BG29: =BF29+1 -> 42123 | BH29: =BG29+1 -> 42124 | BI29: =BH29+1 -> 42125 | BJ29: =BI29+1 -> 42126 | BL29: {=IFERROR(IF(MATCH(8,DAY(BD29:BJ29),0),BJ29,""),"")} | BM29: =IF(AND(BD29>=$AC$4,BD29<=$AU$4),IF(""=IFERROR(INDEX(INDIRECT("Data!C"&$K$5,FALSE),MATCH(BD29,Data!$A:$A,0)),$BX$12),$BX$11,IFERROR(INDEX(INDIRECT("Data!C"&$K$5,FALSE),MATCH(BD29,Data!$A:$A,0)),$BX$12)),"-") -> 36 | BN29: =IF(AND(BE29>=$AC$4,BE29<=$AU$4),IF(""=IFERROR(INDEX(INDIRECT("Data!C"&$K$5,FALSE),MATCH(BE29,Data!$A:$A,0)),$BX$12),$BX$11,IFERROR(INDEX(INDIRECT("Data!C"&$K$5,FALSE),MATCH(BE29,Data!$A:$A,0)),$BX$12)),"-") -> 426 | BO29: =IF(AND(BF29>=$AC$4,BF29<=$AU$4),IF(""=IFERROR(INDEX(INDIRECT("Data!C"&$K$5,FALSE),MATCH(BF29,Data!$A:$A,0)),$BX$12),$BX$11,IFERROR(INDEX(INDIRECT("Data!C"&$K$5,FALSE),MATCH(BF29,Data!$A:$A,0)),$BX$12)),"-") -> 377 | BP29: =IF(AND(BG29>=$AC$4,BG29<=$AU$4),IF(""=IFERROR(INDEX(INDIRECT("Data!C"&$K$5,FALSE),MATCH(BG29,Data!$A:$A,0)),$BX$12),$BX$11,IFERROR(INDEX(INDIRECT("Data!C"&$K$5,FALSE),MATCH(BG29,Data!$A:$A,0)),$BX$12)),"-") -> 231 | BQ29: =IF(AND(BH29>=$AC$4,BH29<=$AU$4),IF(""=IFERROR(INDEX(INDIRECT("Data!C"&$K$5,FALSE),MATCH(BH29,Data!$A:$A,0)),$BX$12),$BX$11,IFERROR(INDEX(INDIRECT("Data!C"&$K$5,FALSE),MATCH(BH29,Data!$A:$A,0)),$BX$12)),"-") -> 289 | BR29: =IF(AND(BI29>=$AC$4,BI29<=$AU$4),IF(""=IFERROR(INDEX(INDIRECT("Data!C"&$K$5,FALSE),MATCH(BI29,Data!$A:$A,0)),$BX$12),$BX$11,IFERROR(INDEX(INDIRECT("Data!C"&$K$5,FALSE),MATCH(BI29,Data!$A:$A,0)),$BX$12)),"-") -> 264 | BS29: =IF(AND(BJ29>=$AC$4,BJ29<=$AU$4),IF(""=IFERROR(INDEX(INDIRECT("Data!C"&$K$5,FALSE),MATCH(BJ29,Data!$A:$A,0)),$BX$12),$BX$11,IFERROR(INDEX(INDIRECT("Data!C"&$K$5,FALSE),MATCH(BJ29,Data!$A:$A,0)),$BX$12)),"-") -> 91 | BU29: =AVERAGE(K29:Q29,AC29:AI29,AU29:BA29,BM29:BS29) -> 217.64286
B30: =B29+7 -> 41035 | C30: =B30+1 -> 41036 | D30: =C30+1 -> 41037 | E30: =D30+1 -> 41038 | F30: =E30+1 -> 41039 | G30: =F30+1 -> 41040 | H30: =G30+1 -> 41041 | J30: {=IFERROR(IF(MATCH(8,DAY(B30:H30),0),H30,""),"")} -> 41041 | K30: =IF(AND(B30>=$AC$4,B30<=$AU$4),IF(""=IFERROR(INDEX(INDIRECT("Data!C"&$K$5,FALSE),MATCH(B30,Data!$A:$A,0)),$BX$12),$BX$11,IFERROR(INDEX(INDIRECT("Data!C"&$K$5,FALSE),MATCH(B30,Data!$A:$A,0)),$BX$12)),"-") -> 25 | L30: =IF(AND(C30>=$AC$4,C30<=$AU$4),IF(""=IFERROR(INDEX(INDIRECT("Data!C"&$K$5,FALSE),MATCH(C30,Data!$A:$A,0)),$BX$12),$BX$11,IFERROR(INDEX(INDIRECT("Data!C"&$K$5,FALSE),MATCH(C30,Data!$A:$A,0)),$BX$12)),"-") -> 406 | M30: =IF(AND(D30>=$AC$4,D30<=$AU$4),IF(""=IFERROR(INDEX(INDIRECT("Data!C"&$K$5,FALSE),MATCH(D30,Data!$A:$A,0)),$BX$12),$BX$11,IFERROR(INDEX(INDIRECT("Data!C"&$K$5,FALSE),MATCH(D30,Data!$A:$A,0)),$BX$12)),"-") -> 356 | N30: =IF(AND(E30>=$AC$4,E30<=$AU$4),IF(""=IFERROR(INDEX(INDIRECT("Data!C"&$K$5,FALSE),MATCH(E30,Data!$A:$A,0)),$BX$12),$BX$11,IFERROR(INDEX(INDIRECT("Data!C"&$K$5,FALSE),MATCH(E30,Data!$A:$A,0)),$BX$12)),"-") -> 302 | O30: =IF(AND(F30>=$AC$4,F30<=$AU$4),IF(""=IFERROR(INDEX(INDIRECT("Data!C"&$K$5,FALSE),MATCH(F30,Data!$A:$A,0)),$BX$12),$BX$11,IFERROR(INDEX(INDIRECT("Data!C"&$K$5,FALSE),MATCH(F30,Data!$A:$A,0)),$BX$12)),"-") -> 180 | P30: =IF(AND(G30>=$AC$4,G30<=$AU$4),IF(""=IFERROR(INDEX(INDIRECT("Data!C"&$K$5,FALSE),MATCH(G30,Data!$A:$A,0)),$BX$12),$BX$11,IFERROR(INDEX(INDIRECT("Data!C"&$K$5,FALSE),MATCH(G30,Data!$A:$A,0)),$BX$12)),"-") -> 239 | Q30: =IF(AND(H30>=$AC$4,H30<=$AU$4),IF(""=IFERROR(INDEX(INDIRECT("Data!C"&$K$5,FALSE),MATCH(H30,Data!$A:$A,0)),$BX$12),$BX$11,IFERROR(INDEX(INDIRECT("Data!C"&$K$5,FALSE),MATCH(H30,Data!$A:$A,0)),$BX$12)),"-") -> 80 | T30: =T29+7 -> 41399 | U30: =T30+1 -> 41400 | V30: =U30+1 -> 41401 | W30: =V30+1 -> 41402 | X30: =W30+1 -> 41403 | Y30: =X30+1 -> 41404 | Z30: =Y30+1 -> 41405 | AB30: {=IFERROR(IF(MATCH(8,DAY(T30:Z30),0),Z30,""),"")} -> 41405 | AC30: =IF(AND(T30>=$AC$4,T30<=$AU$4),IF(""=IFERROR(INDEX(INDIRECT("Data!C"&$K$5,FALSE),MATCH(T30,Data!$A:$A,0)),$BX$12),$BX$11,IFERROR(INDEX(INDIRECT("Data!C"&$K$5,FALSE),MATCH(T30,Data!$A:$A,0)),$BX$12)),"-") -> 39 | AD30: =IF(AND(U30>=$AC$4,U30<=$AU$4),IF(""=IFERROR(INDEX(INDIRECT("Data!C"&$K$5,FALSE),MATCH(U30,Data!$A:$A,0)),$BX$12),$BX$11,IFERROR(INDEX(INDIRECT("Data!C"&$K$5,FALSE),MATCH(U30,Data!$A:$A,0)),$BX$12)),"-") -> 247 | AE30: =IF(AND(V30>=$AC$4,V30<=$AU$4),IF(""=IFERROR(INDEX(INDIRECT("Data!C"&$K$5,FALSE),MATCH(V30,Data!$A:$A,0)),$BX$12),$BX$11,IFERROR(INDEX(INDIRECT("Data!C"&$K$5,FALSE),MATCH(V30,Data!$A:$A,0)),$BX$12)),"-") -> 317 | AF30: =IF(AND(W30>=$AC$4,W30<=$AU$4),IF(""=IFERROR(INDEX(INDIRECT("Data!C"&$K$5,FALSE),MATCH(W30,Data!$A:$A,0)),$BX$12),$BX$11,IFERROR(INDEX(INDIRECT("Data!C"&$K$5,FALSE),MATCH(W30,Data!$A:$A,0)),$BX$12)),"-") -> 220 | AG30: =IF(AND(X30>=$AC$4,X30<=$AU$4),IF(""=IFERROR(INDEX(INDIRECT("Data!C"&$K$5,FALSE),MATCH(X30,Data!$A:$A,0)),$BX$12),$BX$11,IFERROR(INDEX(INDIRECT("Data!C"&$K$5,FALSE),MATCH(X30,Data!$A:$A,0)),$BX$12)),"-") -> 279 | AH30: =IF(AND(Y30>=$AC$4,Y30<=$AU$4),IF(""=IFERROR(INDEX(INDIRECT("Data!C"&$K$5,FALSE),MATCH(Y30,Data!$A:$A,0)),$BX$12),$BX$11,IFERROR(INDEX(INDIRECT("Data!C"&$K$5,FALSE),MATCH(Y30,Data!$A:$A,0)),$BX$12)),"-") -> 200 | AI30: =IF(AND(Z30>=$AC$4,Z30<=$AU$4),IF(""=IFERROR(INDEX(INDIRECT("Data!C"&$K$5,FALSE),MATCH(Z30,Data!$A:$A,0)),$BX$12),$BX$11,IFERROR(INDEX(INDIRECT("Data!C"&$K$5,FALSE),MATCH(Z30,Data!$A:$A,0)),$BX$12)),"-") -> 83 | AL30: =AL29+7 -> 41763 | AM30: =AL30+1 -> 41764 | AN30: =AM30+1 -> 41765 | AO30: =AN30+1 -> 41766 | AP30: =AO30+1 -> 41767 | AQ30: =AP30+1 -> 41768 | AR30: =AQ30+1 -> 41769 | AT30: {=IFERROR(IF(MATCH(8,DAY(AL30:AR30),0),AR30,""),"")} -> 41769 | AU30: =IF(AND(AL30>=$AC$4,AL30<=$AU$4),IF(""=IFERROR(INDEX(INDIRECT("Data!C"&$K$5,FALSE),MATCH(AL30,Data!$A:$A,0)),$BX$12),$BX$11,IFERROR(INDEX(INDIRECT("Data!C"&$K$5,FALSE),MATCH(AL30,Data!$A:$A,0)),$BX$12)),"-") -> 30 | AV30: =IF(AND(AM30>=$AC$4,AM30<=$AU$4),IF(""=IFERROR(INDEX(INDIRECT("Data!C"&$K$5,FALSE),MATCH(AM30,Data!$A:$A,0)),$BX$12),$BX$11,IFERROR(INDEX(INDIRECT("Data!C"&$K$5,FALSE),MATCH(AM30,Data!$A:$A,0)),$BX$12)),"-") -> 393 | AW30: =IF(AND(AN30>=$AC$4,AN30<=$AU$4),IF(""=IFERROR(INDEX(INDIRECT("Data!C"&$K$5,FALSE),MATCH(AN30,Data!$A:$A,0)),$BX$12),$BX$11,IFERROR(INDEX(INDIRECT("Data!C"&$K$5,FALSE),MATCH(AN30,Data!$A:$A,0)),$BX$12)),"-") -> 301 | AX30: =IF(AND(AO30>=$AC$4,AO30<=$AU$4),IF(""=IFERROR(INDEX(INDIRECT("Data!C"&$K$5,FALSE),MATCH(AO30,Data!$A:$A,0)),$BX$12),$BX$11,IFERROR(INDEX(INDIRECT("Data!C"&$K$5,FALSE),MATCH(AO30,Data!$A:$A,0)),$BX$12)),"-") -> 359 | AY30: =IF(AND(AP30>=$AC$4,AP30<=$AU$4),IF(""=IFERROR(INDEX(INDIRECT("Data!C"&$K$5,FALSE),MATCH(AP30,Data!$A:$A,0)),$BX$12),$BX$11,IFERROR(INDEX(INDIRECT("Data!C"&$K$5,FALSE),MATCH(AP30,Data!$A:$A,0)),$BX$12)),"-") -> 216 | AZ30: =IF(AND(AQ30>=$AC$4,AQ30<=$AU$4),IF(""=IFERROR(INDEX(INDIRECT("Data!C"&$K$5,FALSE),MATCH(AQ30,Data!$A:$A,0)),$BX$12),$BX$11,IFERROR(INDEX(INDIRECT("Data!C"&$K$5,FALSE),MATCH(AQ30,Data!$A:$A,0)),$BX$12)),"-") -> 263 | BA30: =IF(AND(AR30>=$AC$4,AR30<=$AU$4),IF(""=IFERROR(INDEX(INDIRECT("Data!C"&$K$5,FALSE),MATCH(AR30,Data!$A:$A,0)),$BX$12),$BX$11,IFERROR(INDEX(INDIRECT("Data!C"&$K$5,FALSE),MATCH(AR30,Data!$A:$A,0)),$BX$12)),"-") -> 80 | BD30: =BD29+7 -> 42127 | BE30: =BD30+1 -> 42128 | BF30: =BE30+1 -> 42129 | BG30: =BF30+1 -> 42130 | BH30: =BG30+1 -> 42131 | BI30: =BH30+1 -> 42132 | BJ30: =BI30+1 -> 42133 | BL30: {=IFERROR(IF(MATCH(8,DAY(BD30:BJ30),0),BJ30,""),"")} -> 42133 | BM30: =IF(AND(BD30>=$AC$4,BD30<=$AU$4),IF(""=IFERROR(INDEX(INDIRECT("Data!C"&$K$5,FALSE),MATCH(BD30,Data!$A:$A,0)),$BX$12),$BX$11,IFERROR(INDEX(INDIRECT("Data!C"&$K$5,FALSE),MATCH(BD30,Data!$A:$A,0)),$BX$12)),"-") -> 42 | BN30: =IF(AND(BE30>=$AC$4,BE30<=$AU$4),IF(""=IFERROR(INDEX(INDIRECT("Data!C"&$K$5,FALSE),MATCH(BE30,Data!$A:$A,0)),$BX$12),$BX$11,IFERROR(INDEX(INDIRECT("Data!C"&$K$5,FALSE),MATCH(BE30,Data!$A:$A,0)),$BX$12)),"-") -> 471 | BO30: =IF(AND(BF30>=$AC$4,BF30<=$AU$4),IF(""=IFERROR(INDEX(INDIRECT("Data!C"&$K$5,FALSE),MATCH(BF30,Data!$A:$A,0)),$BX$12),$BX$11,IFERROR(INDEX(INDIRECT("Data!C"&$K$5,FALSE),MATCH(BF30,Data!$A:$A,0)),$BX$12)),"-") -> 435 | BP30: =IF(AND(BG30>=$AC$4,BG30<=$AU$4),IF(""=IFERROR(INDEX(INDIRECT("Data!C"&$K$5,FALSE),MATCH(BG30,Data!$A:$A,0)),$BX$12),$BX$11,IFERROR(INDEX(INDIRECT("Data!C"&$K$5,FALSE),MATCH(BG30,Data!$A:$A,0)),$BX$12)),"-") -> 307 | BQ30: =IF(AND(BH30>=$AC$4,BH30<=$AU$4),IF(""=IFERROR(INDEX(INDIRECT("Data!C"&$K$5,FALSE),MATCH(BH30,Data!$A:$A,0)),$BX$12),$BX$11,IFERROR(INDEX(INDIRECT("Data!C"&$K$5,FALSE),MATCH(BH30,Data!$A:$A,0)),$BX$12)),"-") -> 269 | BR30: =IF(AND(BI30>=$AC$4,BI30<=$AU$4),IF(""=IFERROR(INDEX(INDIRECT("Data!C"&$K$5,FALSE),MATCH(BI30,Data!$A:$A,0)),$BX$12),$BX$11,IFERROR(INDEX(INDIRECT("Data!C"&$K$5,FALSE),MATCH(BI30,Data!$A:$A,0)),$BX$12)),"-") -> 255 | BS30: =IF(AND(BJ30>=$AC$4,BJ30<=$AU$4),IF(""=IFERROR(INDEX(INDIRECT("Data!C"&$K$5,FALSE),MATCH(BJ30,Data!$A:$A,0)),$BX$12),$BX$11,IFERROR(INDEX(INDIRECT("Data!C"&$K$5,FALSE),MATCH(BJ30,Data!$A:$A,0)),$BX$12)),"-") -> 98 | BU30: =AVERAGE(K30:Q30,AC30:AI30,AU30:BA30,BM30:BS30) -> 231.85714
B31: =B30+7 -> 41042 | C31: =B31+1 -> 41043 | D31: =C31+1 -> 41044 | E31: =D31+1 -> 41045 | F31: =E31+1 -> 41046 | G31: =F31+1 -> 41047 | H31: =G31+1 -> 41048 | J31: {=IFERROR(IF(MATCH(8,DAY(B31:H31),0),H31,""),"")} | K31: =IF(AND(B31>=$AC$4,B31<=$AU$4),IF(""=IFERROR(INDEX(INDIRECT("Data!C"&$K$5,FALSE),MATCH(B31,Data!$A:$A,0)),$BX$12),$BX$11,IFERROR(INDEX(INDIRECT("Data!C"&$K$5,FALSE),MATCH(B31,Data!$A:$A,0)),$BX$12)),"-") -> 44 | L31: =IF(AND(C31>=$AC$4,C31<=$AU$4),IF(""=IFERROR(INDEX(INDIRECT("Data!C"&$K$5,FALSE),MATCH(C31,Data!$A:$A,0)),$BX$12),$BX$11,IFERROR(INDEX(INDIRECT("Data!C"&$K$5,FALSE),MATCH(C31,Data!$A:$A,0)),$BX$12)),"-") -> 289 | M31: =IF(AND(D31>=$AC$4,D31<=$AU$4),IF(""=IFERROR(INDEX(INDIRECT("Data!C"&$K$5,FALSE),MATCH(D31,Data!$A:$A,0)),$BX$12),$BX$11,IFERROR(INDEX(INDIRECT("Data!C"&$K$5,FALSE),MATCH(D31,Data!$A:$A,0)),$BX$12)),"-") -> 346 | N31: =IF(AND(E31>=$AC$4,E31<=$AU$4),IF(""=IFERROR(INDEX(INDIRECT("Data!C"&$K$5,FALSE),MATCH(E31,Data!$A:$A,0)),$BX$12),$BX$11,IFERROR(INDEX(INDIRECT("Data!C"&$K$5,FALSE),MATCH(E31,Data!$A:$A,0)),$BX$12)),"-") -> 225 | O31: =IF(AND(F31>=$AC$4,F31<=$AU$4),IF(""=IFERROR(INDEX(INDIRECT("Data!C"&$K$5,FALSE),MATCH(F31,Data!$A:$A,0)),$BX$12),$BX$11,IFERROR(INDEX(INDIRECT("Data!C"&$K$5,FALSE),MATCH(F31,Data!$A:$A,0)),$BX$12)),"-") -> 199 | P31: =IF(AND(G31>=$AC$4,G31<=$AU$4),IF(""=IFERROR(INDEX(INDIRECT("Data!C"&$K$5,FALSE),MATCH(G31,Data!$A:$A,0)),$BX$12),$BX$11,IFERROR(INDEX(INDIRECT("Data!C"&$K$5,FALSE),MATCH(G31,Data!$A:$A,0)),$BX$12)),"-") -> 282 | Q31: =IF(AND(H31>=$AC$4,H31<=$AU$4),IF(""=IFERROR(INDEX(INDIRECT("Data!C"&$K$5,FALSE),MATCH(H31,Data!$A:$A,0)),$BX$12),$BX$11,IFERROR(INDEX(INDIRECT("Data!C"&$K$5,FALSE),MATCH(H31,Data!$A:$A,0)),$BX$12)),"-") -> 64 | T31: =T30+7 -> 41406 | U31: =T31+1 -> 41407 | V31: =U31+1 -> 41408 | W31: =V31+1 -> 41409 | X31: =W31+1 -> 41410 | Y31: =X31+1 -> 41411 | Z31: =Y31+1 -> 41412 | AB31: {=IFERROR(IF(MATCH(8,DAY(T31:Z31),0),Z31,""),"")} | AC31: =IF(AND(T31>=$AC$4,T31<=$AU$4),IF(""=IFERROR(INDEX(INDIRECT("Data!C"&$K$5,FALSE),MATCH(T31,Data!$A:$A,0)),$BX$12),$BX$11,IFERROR(INDEX(INDIRECT("Data!C"&$K$5,FALSE),MATCH(T31,Data!$A:$A,0)),$BX$12)),"-") -> 37 | AD31: =IF(AND(U31>=$AC$4,U31<=$AU$4),IF(""=IFERROR(INDEX(INDIRECT("Data!C"&$K$5,FALSE),MATCH(U31,Data!$A:$A,0)),$BX$12),$BX$11,IFERROR(INDEX(INDIRECT("Data!C"&$K$5,FALSE),MATCH(U31,Data!$A:$A,0)),$BX$12)),"-") -> 373 | AE31: =IF(AND(V31>=$AC$4,V31<=$AU$4),IF(""=IFERROR(INDEX(INDIRECT("Data!C"&$K$5,FALSE),MATCH(V31,Data!$A:$A,0)),$BX$12),$BX$11,IFERROR(INDEX(INDIRECT("Data!C"&$K$5,FALSE),MATCH(V31,Data!$A:$A,0)),$BX$12)),"-") -> 343 | AF31: =IF(AND(W31>=$AC$4,W31<=$AU$4),IF(""=IFERROR(INDEX(INDIRECT("Data!C"&$K$5,FALSE),MATCH(W31,Data!$A:$A,0)),$BX$12),$BX$11,IFERROR(INDEX(INDIRECT("Data!C"&$K$5,FALSE),MATCH(W31,Data!$A:$A,0)),$BX$12)),"-") -> 242 | AG31: =IF(AND(X31>=$AC$4,X31<=$AU$4),IF(""=IFERROR(INDEX(INDIRECT("Data!C"&$K$5,FALSE),MATCH(X31,Data!$A:$A,0)),$BX$12),$BX$11,IFERROR(INDEX(INDIRECT("Data!C"&$K$5,FALSE),MATCH(X31,Data!$A:$A,0)),$BX$12)),"-") -> 272 | AH31: =IF(AND(Y31>=$AC$4,Y31<=$AU$4),IF(""=IFERROR(INDEX(INDIRECT("Data!C"&$K$5,FALSE),MATCH(Y31,Data!$A:$A,0)),$BX$12),$BX$11,IFERROR(INDEX(INDIRECT("Data!C"&$K$5,FALSE),MATCH(Y31,Data!$A:$A,0)),$BX$12)),"-") -> 289 | AI31: =IF(AND(Z31>=$AC$4,Z31<=$AU$4),IF(""=IFERROR(INDEX(INDIRECT("Data!C"&$K$5,FALSE),MATCH(Z31,Data!$A:$A,0)),$BX$12),$BX$11,IFERROR(INDEX(INDIRECT("Data!C"&$K$5,FALSE),MATCH(Z31,Data!$A:$A,0)),$BX$12)),"-") -> 97 | AL31: =AL30+7 -> 41770 | AM31: =AL31+1 -> 41771 | AN31: =AM31+1 -> 41772 | AO31: =AN31+1 -> 41773 | AP31: =AO31+1 -> 41774 | AQ31: =AP31+1 -> 41775 | AR31: =AQ31+1 -> 41776 | AT31: {=IFERROR(IF(MATCH(8,DAY(AL31:AR31),0),AR31,""),"")} | AU31: =IF(AND(AL31>=$AC$4,AL31<=$AU$4),IF(""=IFERROR(INDEX(INDIRECT("Data!C"&$K$5,FALSE),MATCH(AL31,Data!$A:$A,0)),$BX$12),$BX$11,IFERROR(INDEX(INDIRECT("Data!C"&$K$5,FALSE),MATCH(AL31,Data!$A:$A,0)),$BX$12)),"-") -> 29 | AV31: =IF(AND(AM31>=$AC$4,AM31<=$AU$4),IF(""=IFERROR(INDEX(INDIRECT("Data!C"&$K$5,FALSE),MATCH(AM31,Data!$A:$A,0)),$BX$12),$BX$11,IFERROR(INDEX(INDIRECT("Data!C"&$K$5,FALSE),MATCH(AM31,Data!$A:$A,0)),$BX$12)),"-") -> 336 | AW31: =IF(AND(AN31>=$AC$4,AN31<=$AU$4),IF(""=IFERROR(INDEX(INDIRECT("Data!C"&$K$5,FALSE),MATCH(AN31,Data!$A:$A,0)),$BX$12),$BX$11,IFERROR(INDEX(INDIRECT("Data!C"&$K$5,FALSE),MATCH(AN31,Data!$A:$A,0)),$BX$12)),"-") -> 327 | AX31: =IF(AND(AO31>=$AC$4,AO31<=$AU$4),IF(""=IFERROR(INDEX(INDIRECT("Data!C"&$K$5,FALSE),MATCH(AO31,Data!$A:$A,0)),$BX$12),$BX$11,IFERROR(INDEX(INDIRECT("Data!C"&$K$5,FALSE),MATCH(AO31,Data!$A:$A,0)),$BX$12)),"-") -> 324 | AY31: =IF(AND(AP31>=$AC$4,AP31<=$AU$4),IF(""=IFERROR(INDEX(INDIRECT("Data!C"&$K$5,FALSE),MATCH(AP31,Data!$A:$A,0)),$BX$12),$BX$11,IFERROR(INDEX(INDIRECT("Data!C"&$K$5,FALSE),MATCH(AP31,Data!$A:$A,0)),$BX$12)),"-") -> 311 | AZ31: =IF(AND(AQ31>=$AC$4,AQ31<=$AU$4),IF(""=IFERROR(INDEX(INDIRECT("Data!C"&$K$5,FALSE),MATCH(AQ31,Data!$A:$A,0)),$BX$12),$BX$11,IFERROR(INDEX(INDIRECT("Data!C"&$K$5,FALSE),MATCH(AQ31,Data!$A:$A,0)),$BX$12)),"-") -> 296 | BA31: =IF(AND(AR31>=$AC$4,AR31<=$AU$4),IF(""=IFERROR(INDEX(INDIRECT("Data!C"&$K$5,FALSE),MATCH(AR31,Data!$A:$A,0)),$BX$12),$BX$11,IFERROR(INDEX(INDIRECT("Data!C"&$K$5,FALSE),MATCH(AR31,Data!$A:$A,0)),$BX$12)),"-") -> 92 | BD31: =BD30+7 -> 42134 | BE31: =BD31+1 -> 42135 | BF31: =BE31+1 -> 42136 | BG31: =BF31+1 -> 42137 | BH31: =BG31+1 -> 42138 | BI31: =BH31+1 -> 42139 | BJ31: =BI31+1 -> 42140 | BL31: {=IFERROR(IF(MATCH(8,DAY(BD31:BJ31),0),BJ31,""),"")} | BM31: =IF(AND(BD31>=$AC$4,BD31<=$AU$4),IF(""=IFERROR(INDEX(INDIRECT("Data!C"&$K$5,FALSE),MATCH(BD31,Data!$A:$A,0)),$BX$12),$BX$11,IFERROR(INDEX(INDIRECT("Data!C"&$K$5,FALSE),MATCH(BD31,Data!$A:$A,0)),$BX$12)),"-") -> 42 | BN31: =IF(AND(BE31>=$AC$4,BE31<=$AU$4),IF(""=IFERROR(INDEX(INDIRECT("Data!C"&$K$5,FALSE),MATCH(BE31,Data!$A:$A,0)),$BX$12),$BX$11,IFERROR(INDEX(INDIRECT("Data!C"&$K$5,FALSE),MATCH(BE31,Data!$A:$A,0)),$BX$12)),"-") -> 299 | BO31: =IF(AND(BF31>=$AC$4,BF31<=$AU$4),IF(""=IFERROR(INDEX(INDIRECT("Data!C"&$K$5,FALSE),MATCH(BF31,Data!$A:$A,0)),$BX$12),$BX$11,IFERROR(INDEX(INDIRECT("Data!C"&$K$5,FALSE),MATCH(BF31,Data!$A:$A,0)),$BX$12)),"-") -> 383 | BP31: =IF(AND(BG31>=$AC$4,BG31<=$AU$4),IF(""=IFERROR(INDEX(INDIRECT("Data!C"&$K$5,FALSE),MATCH(BG31,Data!$A:$A,0)),$BX$12),$BX$11,IFERROR(INDEX(INDIRECT("Data!C"&$K$5,FALSE),MATCH(BG31,Data!$A:$A,0)),$BX$12)),"-") -> 399 | BQ31: =IF(AND(BH31>=$AC$4,BH31<=$AU$4),IF(""=IFERROR(INDEX(INDIRECT("Data!C"&$K$5,FALSE),MATCH(BH31,Data!$A:$A,0)),$BX$12),$BX$11,IFERROR(INDEX(INDIRECT("Data!C"&$K$5,FALSE),MATCH(BH31,Data!$A:$A,0)),$BX$12)),"-") -> 267 | BR31: =IF(AND(BI31>=$AC$4,BI31<=$AU$4),IF(""=IFERROR(INDEX(INDIRECT("Data!C"&$K$5,FALSE),MATCH(BI31,Data!$A:$A,0)),$BX$12),$BX$11,IFERROR(INDEX(INDIRECT("Data!C"&$K$5,FALSE),MATCH(BI31,Data!$A:$A,0)),$BX$12)),"-") -> 262 | BS31: =IF(AND(BJ31>=$AC$4,BJ31<=$AU$4),IF(""=IFERROR(INDEX(INDIRECT("Data!C"&$K$5,FALSE),MATCH(BJ31,Data!$A:$A,0)),$BX$12),$BX$11,IFERROR(INDEX(INDIRECT("Data!C"&$K$5,FALSE),MATCH(BJ31,Data!$A:$A,0)),$BX$12)),"-") -> 61 | BU31: =AVERAGE(K31:Q31,AC31:AI31,AU31:BA31,BM31:BS31) -> 233.21429
B32: =B31+7 -> 41049 | C32: =B32+1 -> 41050 | D32: =C32+1 -> 41051 | E32: =D32+1 -> 41052 | F32: =E32+1 -> 41053 | G32: =F32+1 -> 41054 | H32: =G32+1 -> 41055 | J32: {=IFERROR(IF(MATCH(8,DAY(B32:H32),0),H32,""),"")} | K32: =IF(AND(B32>=$AC$4,B32<=$AU$4),IF(""=IFERROR(INDEX(INDIRECT("Data!C"&$K$5,FALSE),MATCH(B32,Data!$A:$A,0)),$BX$12),$BX$11,IFERROR(INDEX(INDIRECT("Data!C"&$K$5,FALSE),MATCH(B32,Data!$A:$A,0)),$BX$12)),"-") -> 33 | L32: =IF(AND(C32>=$AC$4,C32<=$AU$4),IF(""=IFERROR(INDEX(INDIRECT("Data!C"&$K$5,FALSE),MATCH(C32,Data!$A:$A,0)),$BX$12),$BX$11,IFERROR(INDEX(INDIRECT("Data!C"&$K$5,FALSE),MATCH(C32,Data!$A:$A,0)),$BX$12)),"-") -> 366 | M32: =IF(AND(D32>=$AC$4,D32<=$AU$4),IF(""=IFERROR(INDEX(INDIRECT("Data!C"&$K$5,FALSE),MATCH(D32,Data!$A:$A,0)),$BX$12),$BX$11,IFERROR(INDEX(INDIRECT("Data!C"&$K$5,FALSE),MATCH(D32,Data!$A:$A,0)),$BX$12)),"-") -> 390 | N32: =IF(AND(E32>=$AC$4,E32<=$AU$4),IF(""=IFERROR(INDEX(INDIRECT("Data!C"&$K$5,FALSE),MATCH(E32,Data!$A:$A,0)),$BX$12),$BX$11,IFERROR(INDEX(INDIRECT("Data!C"&$K$5,FALSE),MATCH(E32,Data!$A:$A,0)),$BX$12)),"-") -> 274 | O32: =IF(AND(F32>=$AC$4,F32<=$AU$4),IF(""=IFERROR(INDEX(INDIRECT("Data!C"&$K$5,FALSE),MATCH(F32,Data!$A:$A,0)),$BX$12),$BX$11,IFERROR(INDEX(INDIRECT("Data!C"&$K$5,FALSE),MATCH(F32,Data!$A:$A,0)),$BX$12)),"-") -> 284 | P32: =IF(AND(G32>=$AC$4,G32<=$AU$4),IF(""=IFERROR(INDEX(INDIRECT("Data!C"&$K$5,FALSE),MATCH(G32,Data!$A:$A,0)),$BX$12),$BX$11,IFERROR(INDEX(INDIRECT("Data!C"&$K$5,FALSE),MATCH(G32,Data!$A:$A,0)),$BX$12)),"-") -> 205 | Q32: =IF(AND(H32>=$AC$4,H32<=$AU$4),IF(""=IFERROR(INDEX(INDIRECT("Data!C"&$K$5,FALSE),MATCH(H32,Data!$A:$A,0)),$BX$12),$BX$11,IFERROR(INDEX(INDIRECT("Data!C"&$K$5,FALSE),MATCH(H32,Data!$A:$A,0)),$BX$12)),"-") -> 66 | T32: =T31+7 -> 41413 | U32: =T32+1 -> 41414 | V32: =U32+1 -> 41415 | W32: =V32+1 -> 41416 | X32: =W32+1 -> 41417 | Y32: =X32+1 -> 41418 | Z32: =Y32+1 -> 41419 | AB32: {=IFERROR(IF(MATCH(8,DAY(T32:Z32),0),Z32,""),"")} | AC32: =IF(AND(T32>=$AC$4,T32<=$AU$4),IF(""=IFERROR(INDEX(INDIRECT("Data!C"&$K$5,FALSE),MATCH(T32,Data!$A:$A,0)),$BX$12),$BX$11,IFERROR(INDEX(INDIRECT("Data!C"&$K$5,FALSE),MATCH(T32,Data!$A:$A,0)),$BX$12)),"-") -> 48 | AD32: =IF(AND(U32>=$AC$4,U32<=$AU$4),IF(""=IFERROR(INDEX(INDIRECT("Data!C"&$K$5,FALSE),MATCH(U32,Data!$A:$A,0)),$BX$12),$BX$11,IFERROR(INDEX(INDIRECT("Data!C"&$K$5,FALSE),MATCH(U32,Data!$A:$A,0)),$BX$12)),"-") -> 415 | AE32: =IF(AND(V32>=$AC$4,V32<=$AU$4),IF(""=IFERROR(INDEX(INDIRECT("Data!C"&$K$5,FALSE),MATCH(V32,Data!$A:$A,0)),$BX$12),$BX$11,IFERROR(INDEX(INDIRECT("Data!C"&$K$5,FALSE),MATCH(V32,Data!$A:$A,0)),$BX$12)),"-") -> 448 | AF32: =IF(AND(W32>=$AC$4,W32<=$AU$4),IF(""=IFERROR(INDEX(INDIRECT("Data!C"&$K$5,FALSE),MATCH(W32,Data!$A:$A,0)),$BX$12),$BX$11,IFERROR(INDEX(INDIRECT("Data!C"&$K$5,FALSE),MATCH(W32,Data!$A:$A,0)),$BX$12)),"-") -> 268 | AG32: =IF(AND(X32>=$AC$4,X32<=$AU$4),IF(""=IFERROR(INDEX(INDIRECT("Data!C"&$K$5,FALSE),MATCH(X32,Data!$A:$A,0)),$BX$12),$BX$11,IFERROR(INDEX(INDIRECT("Data!C"&$K$5,FALSE),MATCH(X32,Data!$A:$A,0)),$BX$12)),"-") -> 307 | AH32: =IF(AND(Y32>=$AC$4,Y32<=$AU$4),IF(""=IFERROR(INDEX(INDIRECT("Data!C"&$K$5,FALSE),MATCH(Y32,Data!$A:$A,0)),$BX$12),$BX$11,IFERROR(INDEX(INDIRECT("Data!C"&$K$5,FALSE),MATCH(Y32,Data!$A:$A,0)),$BX$12)),"-") -> 231 | AI32: =IF(AND(Z32>=$AC$4,Z32<=$AU$4),IF(""=IFERROR(INDEX(INDIRECT("Data!C"&$K$5,FALSE),MATCH(Z32,Data!$A:$A,0)),$BX$12),$BX$11,IFERROR(INDEX(INDIRECT("Data!C"&$K$5,FALSE),MATCH(Z32,Data!$A:$A,0)),$BX$12)),"-") -> 66 | AL32: =AL31+7 -> 41777 | AM32: =AL32+1 -> 41778 | AN32: =AM32+1 -> 41779 | AO32: =AN32+1 -> 41780 | AP32: =AO32+1 -> 41781 | AQ32: =AP32+1 -> 41782 | AR32: =AQ32+1 -> 41783 | AT32: {=IFERROR(IF(MATCH(8,DAY(AL32:AR32),0),AR32,""),"")} | AU32: =IF(AND(AL32>=$AC$4,AL32<=$AU$4),IF(""=IFERROR(INDEX(INDIRECT("Data!C"&$K$5,FALSE),MATCH(AL32,Data!$A:$A,0)),$BX$12),$BX$11,IFERROR(INDEX(INDIRECT("Data!C"&$K$5,FALSE),MATCH(AL32,Data!$A:$A,0)),$BX$12)),"-") -> 42 | AV32: =IF(AND(AM32>=$AC$4,AM32<=$AU$4),IF(""=IFERROR(INDEX(INDIRECT("Data!C"&$K$5,FALSE),MATCH(AM32,Data!$A:$A,0)),$BX$12),$BX$11,IFERROR(INDEX(INDIRECT("Data!C"&$K$5,FALSE),MATCH(AM32,Data!$A:$A,0)),$BX$12)),"-") -> 423 | AW32: =IF(AND(AN32>=$AC$4,AN32<=$AU$4),IF(""=IFERROR(INDEX(INDIRECT("Data!C"&$K$5,FALSE),MATCH(AN32,Data!$A:$A,0)),$BX$12),$BX$11,IFERROR(INDEX(INDIRECT("Data!C"&$K$5,FALSE),MATCH(AN32,Data!$A:$A,0)),$BX$12)),"-") -> 411 | AX32: =IF(AND(AO32>=$AC$4,AO32<=$AU$4),IF(""=IFERROR(INDEX(INDIRECT("Data!C"&$K$5,FALSE),MATCH(AO32,Data!$A:$A,0)),$BX$12),$BX$11,IFERROR(INDEX(INDIRECT("Data!C"&$K$5,FALSE),MATCH(AO32,Data!$A:$A,0)),$BX$12)),"-") -> 272 | AY32: =IF(AND(AP32>=$AC$4,AP32<=$AU$4),IF(""=IFERROR(INDEX(INDIRECT("Data!C"&$K$5,FALSE),MATCH(AP32,Data!$A:$A,0)),$BX$12),$BX$11,IFERROR(INDEX(INDIRECT("Data!C"&$K$5,FALSE),MATCH(AP32,Data!$A:$A,0)),$BX$12)),"-") -> 252 | AZ32: =IF(AND(AQ32>=$AC$4,AQ32<=$AU$4),IF(""=IFERROR(INDEX(INDIRECT("Data!C"&$K$5,FALSE),MATCH(AQ32,Data!$A:$A,0)),$BX$12),$BX$11,IFERROR(INDEX(INDIRECT("Data!C"&$K$5,FALSE),MATCH(AQ32,Data!$A:$A,0)),$BX$12)),"-") -> 182 | BA32: =IF(AND(AR32>=$AC$4,AR32<=$AU$4),IF(""=IFERROR(INDEX(INDIRECT("Data!C"&$K$5,FALSE),MATCH(AR32,Data!$A:$A,0)),$BX$12),$BX$11,IFERROR(INDEX(INDIRECT("Data!C"&$K$5,FALSE),MATCH(AR32,Data!$A:$A,0)),$BX$12)),"-") -> 87 | BD32: =BD31+7 -> 42141 | BE32: =BD32+1 -> 42142 | BF32: =BE32+1 -> 42143 | BG32: =BF32+1 -> 42144 | BH32: =BG32+1 -> 42145 | BI32: =BH32+1 -> 42146 | BJ32: =BI32+1 -> 42147 | BL32: {=IFERROR(IF(MATCH(8,DAY(BD32:BJ32),0),BJ32,""),"")} | BM32: =IF(AND(BD32>=$AC$4,BD32<=$AU$4),IF(""=IFERROR(INDEX(INDIRECT("Data!C"&$K$5,FALSE),MATCH(BD32,Data!$A:$A,0)),$BX$12),$BX$11,IFERROR(INDEX(INDIRECT("Data!C"&$K$5,FALSE),MATCH(BD32,Data!$A:$A,0)),$BX$12)),"-") -> 29 | BN32: =IF(AND(BE32>=$AC$4,BE32<=$AU$4),IF(""=IFERROR(INDEX(INDIRECT("Data!C"&$K$5,FALSE),MATCH(BE32,Data!$A:$A,0)),$BX$12),$BX$11,IFERROR(INDEX(INDIRECT("Data!C"&$K$5,FALSE),MATCH(BE32,Data!$A:$A,0)),$BX$12)),"-") -> 423 | BO32: =IF(AND(BF32>=$AC$4,BF32<=$AU$4),IF(""=IFERROR(INDEX(INDIRECT("Data!C"&$K$5,FALSE),MATCH(BF32,Data!$A:$A,0)),$BX$12),$BX$11,IFERROR(INDEX(INDIRECT("Data!C"&$K$5,FALSE),MATCH(BF32,Data!$A:$A,0)),$BX$12)),"-") -> 346 | BP32: =IF(AND(BG32>=$AC$4,BG32<=$AU$4),IF(""=IFERROR(INDEX(INDIRECT("Data!C"&$K$5,FALSE),MATCH(BG32,Data!$A:$A,0)),$BX$12),$BX$11,IFERROR(INDEX(INDIRECT("Data!C"&$K$5,FALSE),MATCH(BG32,Data!$A:$A,0)),$BX$12)),"-") -> 236 | BQ32: =IF(AND(BH32>=$AC$4,BH32<=$AU$4),IF(""=IFERROR(INDEX(INDIRECT("Data!C"&$K$5,FALSE),MATCH(BH32,Data!$A:$A,0)),$BX$12),$BX$11,IFERROR(INDEX(INDIRECT("Data!C"&$K$5,FALSE),MATCH(BH32,Data!$A:$A,0)),$BX$12)),"-") -> 281 | BR32: =IF(AND(BI32>=$AC$4,BI32<=$AU$4),IF(""=IFERROR(INDEX(INDIRECT("Data!C"&$K$5,FALSE),MATCH(BI32,Data!$A:$A,0)),$BX$12),$BX$11,IFERROR(INDEX(INDIRECT("Data!C"&$K$5,FALSE),MATCH(BI32,Data!$A:$A,0)),$BX$12)),"-") -> 214 | BS32: =IF(AND(BJ32>=$AC$4,BJ32<=$AU$4),IF(""=IFERROR(INDEX(INDIRECT("Data!C"&$K$5,FALSE),MATCH(BJ32,Data!$A:$A,0)),$BX$12),$BX$11,IFERROR(INDEX(INDIRECT("Data!C"&$K$5,FALSE),MATCH(BJ32,Data!$A:$A,0)),$BX$12)),"-") -> 74 | BU32: =AVERAGE(K32:Q32,AC32:AI32,AU32:BA32,BM32:BS32) -> 238.32143
B33: =B32+7 -> 41056 | C33: =B33+1 -> 41057 | D33: =C33+1 -> 41058 | E33: =D33+1 -> 41059 | F33: =E33+1 -> 41060 | G33: =F33+1 -> 41061 | H33: =G33+1 -> 41062 | J33: {=IFERROR(IF(MATCH(8,DAY(B33:H33),0),H33,""),"")} | K33: =IF(AND(B33>=$AC$4,B33<=$AU$4),IF(""=IFERROR(INDEX(INDIRECT("Data!C"&$K$5,FALSE),MATCH(B33,Data!$A:$A,0)),$BX$12),$BX$11,IFERROR(INDEX(INDIRECT("Data!C"&$K$5,FALSE),MATCH(B33,Data!$A:$A,0)),$BX$12)),"-") -> 49 | L33: =IF(AND(C33>=$AC$4,C33<=$AU$4),IF(""=IFERROR(INDEX(INDIRECT("Data!C"&$K$5,FALSE),MATCH(C33,Data!$A:$A,0)),$BX$12),$BX$11,IFERROR(INDEX(INDIRECT("Data!C"&$K$5,FALSE),MATCH(C33,Data!$A:$A,0)),$BX$12)),"-") -> 435 | M33: =IF(AND(D33>=$AC$4,D33<=$AU$4),IF(""=IFERROR(INDEX(INDIRECT("Data!C"&$K$5,FALSE),MATCH(D33,Data!$A:$A,0)),$BX$12),$BX$11,IFERROR(INDEX(INDIRECT("Data!C"&$K$5,FALSE),MATCH(D33,Data!$A:$A,0)),$BX$12)),"-") -> 273 | N33: =IF(AND(E33>=$AC$4,E33<=$AU$4),IF(""=IFERROR(INDEX(INDIRECT("Data!C"&$K$5,FALSE),MATCH(E33,Data!$A:$A,0)),$BX$12),$BX$11,IFERROR(INDEX(INDIRECT("Data!C"&$K$5,FALSE),MATCH(E33,Data!$A:$A,0)),$BX$12)),"-") -> 345 | O33: =IF(AND(F33>=$AC$4,F33<=$AU$4),IF(""=IFERROR(INDEX(INDIRECT("Data!C"&$K$5,FALSE),MATCH(F33,Data!$A:$A,0)),$BX$12),$BX$11,IFERROR(INDEX(INDIRECT("Data!C"&$K$5,FALSE),MATCH(F33,Data!$A:$A,0)),$BX$12)),"-") -> 233 | P33: =IF(AND(G33>=$AC$4,G33<=$AU$4),IF(""=IFERROR(INDEX(INDIRECT("Data!C"&$K$5,FALSE),MATCH(G33,Data!$A:$A,0)),$BX$12),$BX$11,IFERROR(INDEX(INDIRECT("Data!C"&$K$5,FALSE),MATCH(G33,Data!$A:$A,0)),$BX$12)),"-") -> 252 | Q33: =IF(AND(H33>=$AC$4,H33<=$AU$4),IF(""=IFERROR(INDEX(INDIRECT("Data!C"&$K$5,FALSE),MATCH(H33,Data!$A:$A,0)),$BX$12),$BX$11,IFERROR(INDEX(INDIRECT("Data!C"&$K$5,FALSE),MATCH(H33,Data!$A:$A,0)),$BX$12)),"-") -> 88 | T33: =T32+7 -> 41420 | U33: =T33+1 -> 41421 | V33: =U33+1 -> 41422 | W33: =V33+1 -> 41423 | X33: =W33+1 -> 41424 | Y33: =X33+1 -> 41425 | Z33: =Y33+1 -> 41426 | AB33: {=IFERROR(IF(MATCH(8,DAY(T33:Z33),0),Z33,""),"")} | AC33: =IF(AND(T33>=$AC$4,T33<=$AU$4),IF(""=IFERROR(INDEX(INDIRECT("Data!C"&$K$5,FALSE),MATCH(T33,Data!$A:$A,0)),$BX$12),$BX$11,IFERROR(INDEX(INDIRECT("Data!C"&$K$5,FALSE),MATCH(T33,Data!$A:$A,0)),$BX$12)),"-") -> 31 | AD33: =IF(AND(U33>=$AC$4,U33<=$AU$4),IF(""=IFERROR(INDEX(INDIRECT("Data!C"&$K$5,FALSE),MATCH(U33,Data!$A:$A,0)),$BX$12),$BX$11,IFERROR(INDEX(INDIRECT("Data!C"&$K$5,FALSE),MATCH(U33,Data!$A:$A,0)),$BX$12)),"-") -> 392 | AE33: =IF(AND(V33>=$AC$4,V33<=$AU$4),IF(""=IFERROR(INDEX(INDIRECT("Data!C"&$K$5,FALSE),MATCH(V33,Data!$A:$A,0)),$BX$12),$BX$11,IFERROR(INDEX(INDIRECT("Data!C"&$K$5,FALSE),MATCH(V33,Data!$A:$A,0)),$BX$12)),"-") -> 298 | AF33: =IF(AND(W33>=$AC$4,W33<=$AU$4),IF(""=IFERROR(INDEX(INDIRECT("Data!C"&$K$5,FALSE),MATCH(W33,Data!$A:$A,0)),$BX$12),$BX$11,IFERROR(INDEX(INDIRECT("Data!C"&$K$5,FALSE),MATCH(W33,Data!$A:$A,0)),$BX$12)),"-") -> 232 | AG33: =IF(AND(X33>=$AC$4,X33<=$AU$4),IF(""=IFERROR(INDEX(INDIRECT("Data!C"&$K$5,FALSE),MATCH(X33,Data!$A:$A,0)),$BX$12),$BX$11,IFERROR(INDEX(INDIRECT("Data!C"&$K$5,FALSE),MATCH(X33,Data!$A:$A,0)),$BX$12)),"-") -> 295 | AH33: =IF(AND(Y33>=$AC$4,Y33<=$AU$4),IF(""=IFERROR(INDEX(INDIRECT("Data!C"&$K$5,FALSE),MATCH(Y33,Data!$A:$A,0)),$BX$12),$BX$11,IFERROR(INDEX(INDIRECT("Data!C"&$K$5,FALSE),MATCH(Y33,Data!$A:$A,0)),$BX$12)),"-") -> 265 | AI33: =IF(AND(Z33>=$AC$4,Z33<=$AU$4),IF(""=IFERROR(INDEX(INDIRECT("Data!C"&$K$5,FALSE),MATCH(Z33,Data!$A:$A,0)),$BX$12),$BX$11,IFERROR(INDEX(INDIRECT("Data!C"&$K$5,FALSE),MATCH(Z33,Data!$A:$A,0)),$BX$12)),"-") -> 66 | AL33: =AL32+7 -> 41784 | AM33: =AL33+1 -> 41785 | AN33: =AM33+1 -> 41786 | AO33: =AN33+1 -> 41787 | AP33: =AO33+1 -> 41788 | AQ33: =AP33+1 -> 41789 | AR33: =AQ33+1 -> 41790 | AT33: {=IFERROR(IF(MATCH(8,DAY(AL33:AR33),0),AR33,""),"")} | AU33: =IF(AND(AL33>=$AC$4,AL33<=$AU$4),IF(""=IFERROR(INDEX(INDIRECT("Data!C"&$K$5,FALSE),MATCH(AL33,Data!$A:$A,0)),$BX$12),$BX$11,IFERROR(INDEX(INDIRECT("Data!C"&$K$5,FALSE),MATCH(AL33,Data!$A:$A,0)),$BX$12)),"-") -> 35 | AV33: =IF(AND(AM33>=$AC$4,AM33<=$AU$4),IF(""=IFERROR(INDEX(INDIRECT("Data!C"&$K$5,FALSE),MATCH(AM33,Data!$A:$A,0)),$BX$12),$BX$11,IFERROR(INDEX(INDIRECT("Data!C"&$K$5,FALSE),MATCH(AM33,Data!$A:$A,0)),$BX$12)),"-") -> 410 | AW33: =IF(AND(AN33>=$AC$4,AN33<=$AU$4),IF(""=IFERROR(INDEX(INDIRECT("Data!C"&$K$5,FALSE),MATCH(AN33,Data!$A:$A,0)),$BX$12),$BX$11,IFERROR(INDEX(INDIRECT("Data!C"&$K$5,FALSE),MATCH(AN33,Data!$A:$A,0)),$BX$12)),"-") -> 251 | AX33: =IF(AND(AO33>=$AC$4,AO33<=$AU$4),IF(""=IFERROR(INDEX(INDIRECT("Data!C"&$K$5,FALSE),MATCH(AO33,Data!$A:$A,0)),$BX$12),$BX$11,IFERROR(INDEX(INDIRECT("Data!C"&$K$5,FALSE),MATCH(AO33,Data!$A:$A,0)),$BX$12)),"-") -> 229 | AY33: =IF(AND(AP33>=$AC$4,AP33<=$AU$4),IF(""=IFERROR(INDEX(INDIRECT("Data!C"&$K$5,FALSE),MATCH(AP33,Data!$A:$A,0)),$BX$12),$BX$11,IFERROR(INDEX(INDIRECT("Data!C"&$K$5,FALSE),MATCH(AP33,Data!$A:$A,0)),$BX$12)),"-") -> 318 | AZ33: =IF(AND(AQ33>=$AC$4,AQ33<=$AU$4),IF(""=IFERROR(INDEX(INDIRECT("Data!C"&$K$5,FALSE),MATCH(AQ33,Data!$A:$A,0)),$BX$12),$BX$11,IFERROR(INDEX(INDIRECT("Data!C"&$K$5,FALSE),MATCH(AQ33,Data!$A:$A,0)),$BX$12)),"-") -> 241 | BA33: =IF(AND(AR33>=$AC$4,AR33<=$AU$4),IF(""=IFERROR(INDEX(INDIRECT("Data!C"&$K$5,FALSE),MATCH(AR33,Data!$A:$A,0)),$BX$12),$BX$11,IFERROR(INDEX(INDIRECT("Data!C"&$K$5,FALSE),MATCH(AR33,Data!$A:$A,0)),$BX$12)),"-") -> 72 | BD33: =BD32+7 -> 42148 | BE33: =BD33+1 -> 42149 | BF33: =BE33+1 -> 42150 | BG33: =BF33+1 -> 42151 | BH33: =BG33+1 -> 42152 | BI33: =BH33+1 -> 42153 | BJ33: =BI33+1 -> 42154 | BL33: {=IFERROR(IF(MATCH(8,DAY(BD33:BJ33),0),BJ33,""),"")} | BM33: =IF(AND(BD33>=$AC$4,BD33<=$AU$4),IF(""=IFERROR(INDEX(INDIRECT("Data!C"&$K$5,FALSE),MATCH(BD33,Data!$A:$A,0)),$BX$12),$BX$11,IFERROR(INDEX(INDIRECT("Data!C"&$K$5,FALSE),MATCH(BD33,Data!$A:$A,0)),$BX$12)),"-") -> 34 | BN33: =IF(AND(BE33>=$AC$4,BE33<=$AU$4),IF(""=IFERROR(INDEX(INDIRECT("Data!C"&$K$5,FALSE),MATCH(BE33,Data!$A:$A,0)),$BX$12),$BX$11,IFERROR(INDEX(INDIRECT("Data!C"&$K$5,FALSE),MATCH(BE33,Data!$A:$A,0)),$BX$12)),"-") -> 382 | BO33: =IF(AND(BF33>=$AC$4,BF33<=$AU$4),IF(""=IFERROR(INDEX(INDIRECT("Data!C"&$K$5,FALSE),MATCH(BF33,Data!$A:$A,0)),$BX$12),$BX$11,IFERROR(INDEX(INDIRECT("Data!C"&$K$5,FALSE),MATCH(BF33,Data!$A:$A,0)),$BX$12)),"-") -> 346 | BP33: =IF(AND(BG33>=$AC$4,BG33<=$AU$4),IF(""=IFERROR(INDEX(INDIRECT("Data!C"&$K$5,FALSE),MATCH(BG33,Data!$A:$A,0)),$BX$12),$BX$11,IFERROR(INDEX(INDIRECT("Data!C"&$K$5,FALSE),MATCH(BG33,Data!$A:$A,0)),$BX$12)),"-") -> 277 | BQ33: =IF(AND(BH33>=$AC$4,BH33<=$AU$4),IF(""=IFERROR(INDEX(INDIRECT("Data!C"&$K$5,FALSE),MATCH(BH33,Data!$A:$A,0)),$BX$12),$BX$11,IFERROR(INDEX(INDIRECT("Data!C"&$K$5,FALSE),MATCH(BH33,Data!$A:$A,0)),$BX$12)),"-") -> 298 | BR33: =IF(AND(BI33>=$AC$4,BI33<=$AU$4),IF(""=IFERROR(INDEX(INDIRECT("Data!C"&$K$5,FALSE),MATCH(BI33,Data!$A:$A,0)),$BX$12),$BX$11,IFERROR(INDEX(INDIRECT("Data!C"&$K$5,FALSE),MATCH(BI33,Data!$A:$A,0)),$BX$12)),"-") -> 241 | BS33: =IF(AND(BJ33>=$AC$4,BJ33<=$AU$4),IF(""=IFERROR(INDEX(INDIRECT("Data!C"&$K$5,FALSE),MATCH(BJ33,Data!$A:$A,0)),$BX$12),$BX$11,IFERROR(INDEX(INDIRECT("Data!C"&$K$5,FALSE),MATCH(BJ33,Data!$A:$A,0)),$BX$12)),"-") -> 73 | BU33: =AVERAGE(K33:Q33,AC33:AI33,AU33:BA33,BM33:BS33) -> 230.75
B34: =B33+7 -> 41063 | C34: =B34+1 -> 41064 | D34: =C34+1 -> 41065 | E34: =D34+1 -> 41066 | F34: =E34+1 -> 41067 | G34: =F34+1 -> 41068 | H34: =G34+1 -> 41069 | J34: {=IFERROR(IF(MATCH(8,DAY(B34:H34),0),H34,""),"")} -> 41069 | K34: =IF(AND(B34>=$AC$4,B34<=$AU$4),IF(""=IFERROR(INDEX(INDIRECT("Data!C"&$K$5,FALSE),MATCH(B34,Data!$A:$A,0)),$BX$12),$BX$11,IFERROR(INDEX(INDIRECT("Data!C"&$K$5,FALSE),MATCH(B34,Data!$A:$A,0)),$BX$12)),"-") -> 48 | L34: =IF(AND(C34>=$AC$4,C34<=$AU$4),IF(""=IFERROR(INDEX(INDIRECT("Data!C"&$K$5,FALSE),MATCH(C34,Data!$A:$A,0)),$BX$12),$BX$11,IFERROR(INDEX(INDIRECT("Data!C"&$K$5,FALSE),MATCH(C34,Data!$A:$A,0)),$BX$12)),"-") -> 346 | M34: =IF(AND(D34>=$AC$4,D34<=$AU$4),IF(""=IFERROR(INDEX(INDIRECT("Data!C"&$K$5,FALSE),MATCH(D34,Data!$A:$A,0)),$BX$12),$BX$11,IFERROR(INDEX(INDIRECT("Data!C"&$K$5,FALSE),MATCH(D34,Data!$A:$A,0)),$BX$12)),"-") -> 433 | N34: =IF(AND(E34>=$AC$4,E34<=$AU$4),IF(""=IFERROR(INDEX(INDIRECT("Data!C"&$K$5,FALSE),MATCH(E34,Data!$A:$A,0)),$BX$12),$BX$11,IFERROR(INDEX(INDIRECT("Data!C"&$K$5,FALSE),MATCH(E34,Data!$A:$A,0)),$BX$12)),"-") -> 335 | O34: =IF(AND(F34>=$AC$4,F34<=$AU$4),IF(""=IFERROR(INDEX(INDIRECT("Data!C"&$K$5,FALSE),MATCH(F34,Data!$A:$A,0)),$BX$12),$BX$11,IFERROR(INDEX(INDIRECT("Data!C"&$K$5,FALSE),MATCH(F34,Data!$A:$A,0)),$BX$12)),"-") -> 226 | P34: =IF(AND(G34>=$AC$4,G34<=$AU$4),IF(""=IFERROR(INDEX(INDIRECT("Data!C"&$K$5,FALSE),MATCH(G34,Data!$A:$A,0)),$BX$12),$BX$11,IFERROR(INDEX(INDIRECT("Data!C"&$K$5,FALSE),MATCH(G34,Data!$A:$A,0)),$BX$12)),"-") -> 239 | Q34: =IF(AND(H34>=$AC$4,H34<=$AU$4),IF(""=IFERROR(INDEX(INDIRECT("Data!C"&$K$5,FALSE),MATCH(H34,Data!$A:$A,0)),$BX$12),$BX$11,IFERROR(INDEX(INDIRECT("Data!C"&$K$5,FALSE),MATCH(H34,Data!$A:$A,0)),$BX$12)),"-") -> 74 | T34: =T33+7 -> 41427 | U34: =T34+1 -> 41428 | V34: =U34+1 -> 41429 | W34: =V34+1 -> 41430 | X34: =W34+1 -> 41431 | Y34: =X34+1 -> 41432 | Z34: =Y34+1 -> 41433 | AB34: {=IFERROR(IF(MATCH(8,DAY(T34:Z34),0),Z34,""),"")} -> 41433 | AC34: =IF(AND(T34>=$AC$4,T34<=$AU$4),IF(""=IFERROR(INDEX(INDIRECT("Data!C"&$K$5,FALSE),MATCH(T34,Data!$A:$A,0)),$BX$12),$BX$11,IFERROR(INDEX(INDIRECT("Data!C"&$K$5,FALSE),MATCH(T34,Data!$A:$A,0)),$BX$12)),"-") -> 28 | AD34: =IF(AND(U34>=$AC$4,U34<=$AU$4),IF(""=IFERROR(INDEX(INDIRECT("Data!C"&$K$5,FALSE),MATCH(U34,Data!$A:$A,0)),$BX$12),$BX$11,IFERROR(INDEX(INDIRECT("Data!C"&$K$5,FALSE),MATCH(U34,Data!$A:$A,0)),$BX$12)),"-") -> 310 | AE34: =IF(AND(V34>=$AC$4,V34<=$AU$4),IF(""=IFERROR(INDEX(INDIRECT("Data!C"&$K$5,FALSE),MATCH(V34,Data!$A:$A,0)),$BX$12),$BX$11,IFERROR(INDEX(INDIRECT("Data!C"&$K$5,FALSE),MATCH(V34,Data!$A:$A,0)),$BX$12)),"-") -> 308 | AF34: =IF(AND(W34>=$AC$4,W34<=$AU$4),IF(""=IFERROR(INDEX(INDIRECT("Data!C"&$K$5,FALSE),MATCH(W34,Data!$A:$A,0)),$BX$12),$BX$11,IFERROR(INDEX(INDIRECT("Data!C"&$K$5,FALSE),MATCH(W34,Data!$A:$A,0)),$BX$12)),"-") -> 285 | AG34: =IF(AND(X34>=$AC$4,X34<=$AU$4),IF(""=IFERROR(INDEX(INDIRECT("Data!C"&$K$5,FALSE),MATCH(X34,Data!$A:$A,0)),$BX$12),$BX$11,IFERROR(INDEX(INDIRECT("Data!C"&$K$5,FALSE),MATCH(X34,Data!$A:$A,0)),$BX$12)),"-") -> 188 | AH34: =IF(AND(Y34>=$AC$4,Y34<=$AU$4),IF(""=IFERROR(INDEX(INDIRECT("Data!C"&$K$5,FALSE),MATCH(Y34,Data!$A:$A,0)),$BX$12),$BX$11,IFERROR(INDEX(INDIRECT("Data!C"&$K$5,FALSE),MATCH(Y34,Data!$A:$A,0)),$BX$12)),"-") -> 245 | AI34: =IF(AND(Z34>=$AC$4,Z34<=$AU$4),IF(""=IFERROR(INDEX(INDIRECT("Data!C"&$K$5,FALSE),MATCH(Z34,Data!$A:$A,0)),$BX$12),$BX$11,IFERROR(INDEX(INDIRECT("Data!C"&$K$5,FALSE),MATCH(Z34,Data!$A:$A,0)),$BX$12)),"-") -> 69 | AL34: =AL33+7 -> 41791 | AM34: =AL34+1 -> 41792 | AN34: =AM34+1 -> 41793 | AO34: =AN34+1 -> 41794 | AP34: =AO34+1 -> 41795 | AQ34: =AP34+1 -> 41796 | AR34: =AQ34+1 -> 41797 | AT34: {=IFERROR(IF(MATCH(8,DAY(AL34:AR34),0),AR34,""),"")} | AU34: =IF(AND(AL34>=$AC$4,AL34<=$AU$4),IF(""=IFERROR(INDEX(INDIRECT("Data!C"&$K$5,FALSE),MATCH(AL34,Data!$A:$A,0)),$BX$12),$BX$11,IFERROR(INDEX(INDIRECT("Data!C"&$K$5,FALSE),MATCH(AL34,Data!$A:$A,0)),$BX$12)),"-") -> 25 | AV34: =IF(AND(AM34>=$AC$4,AM34<=$AU$4),IF(""=IFERROR(INDEX(INDIRECT("Data!C"&$K$5,FALSE),MATCH(AM34,Data!$A:$A,0)),$BX$12),$BX$11,IFERROR(INDEX(INDIRECT("Data!C"&$K$5,FALSE),MATCH(AM34,Data!$A:$A,0)),$BX$12)),"-") -> 400 | AW34: =IF(AND(AN34>=$AC$4,AN34<=$AU$4),IF(""=IFERROR(INDEX(INDIRECT("Data!C"&$K$5,FALSE),MATCH(AN34,Data!$A:$A,0)),$BX$12),$BX$11,IFERROR(INDEX(INDIRECT("Data!C"&$K$5,FALSE),MATCH(AN34,Data!$A:$A,0)),$BX$12)),"-") -> 383 | AX34: =IF(AND(AO34>=$AC$4,AO34<=$AU$4),IF(""=IFERROR(INDEX(INDIRECT("Data!C"&$K$5,FALSE),MATCH(AO34,Data!$A:$A,0)),$BX$12),$BX$11,IFERROR(INDEX(INDIRECT("Data!C"&$K$5,FALSE),MATCH(AO34,Data!$A:$A,0)),$BX$12)),"-") -> 195 | AY34: =IF(AND(AP34>=$AC$4,AP34<=$AU$4),IF(""=IFERROR(INDEX(INDIRECT("Data!C"&$K$5,FALSE),MATCH(AP34,Data!$A:$A,0)),$BX$12),$BX$11,IFERROR(INDEX(INDIRECT("Data!C"&$K$5,FALSE),MATCH(AP34,Data!$A:$A,0)),$BX$12)),"-") -> 213 | AZ34: =IF(AND(AQ34>=$AC$4,AQ34<=$AU$4),IF(""=IFERROR(INDEX(INDIRECT("Data!C"&$K$5,FALSE),MATCH(AQ34,Data!$A:$A,0)),$BX$12),$BX$11,IFERROR(INDEX(INDIRECT("Data!C"&$K$5,FALSE),MATCH(AQ34,Data!$A:$A,0)),$BX$12)),"-") -> 142 | BA34: =IF(AND(AR34>=$AC$4,AR34<=$AU$4),IF(""=IFERROR(INDEX(INDIRECT("Data!C"&$K$5,FALSE),MATCH(AR34,Data!$A:$A,0)),$BX$12),$BX$11,IFERROR(INDEX(INDIRECT("Data!C"&$K$5,FALSE),MATCH(AR34,Data!$A:$A,0)),$BX$12)),"-") -> 52 | BD34: =BD33+7 -> 42155 | BE34: =BD34+1 -> 42156 | BF34: =BE34+1 -> 42157 | BG34: =BF34+1 -> 42158 | BH34: =BG34+1 -> 42159 | BI34: =BH34+1 -> 42160 | BJ34: =BI34+1 -> 42161 | BL34: {=IFERROR(IF(MATCH(8,DAY(BD34:BJ34),0),BJ34,""),"")} | BM34: =IF(AND(BD34>=$AC$4,BD34<=$AU$4),IF(""=IFERROR(INDEX(INDIRECT("Data!C"&$K$5,FALSE),MATCH(BD34,Data!$A:$A,0)),$BX$12),$BX$11,IFERROR(INDEX(INDIRECT("Data!C"&$K$5,FALSE),MATCH(BD34,Data!$A:$A,0)),$BX$12)),"-") -> 41 | BN34: =IF(AND(BE34>=$AC$4,BE34<=$AU$4),IF(""=IFERROR(INDEX(INDIRECT("Data!C"&$K$5,FALSE),MATCH(BE34,Data!$A:$A,0)),$BX$12),$BX$11,IFERROR(INDEX(INDIRECT("Data!C"&$K$5,FALSE),MATCH(BE34,Data!$A:$A,0)),$BX$12)),"-") -> 280 | BO34: =IF(AND(BF34>=$AC$4,BF34<=$AU$4),IF(""=IFERROR(INDEX(INDIRECT("Data!C"&$K$5,FALSE),MATCH(BF34,Data!$A:$A,0)),$BX$12),$BX$11,IFERROR(INDEX(INDIRECT("Data!C"&$K$5,FALSE),MATCH(BF34,Data!$A:$A,0)),$BX$12)),"-") -> 323 | BP34: =IF(AND(BG34>=$AC$4,BG34<=$AU$4),IF(""=IFERROR(INDEX(INDIRECT("Data!C"&$K$5,FALSE),MATCH(BG34,Data!$A:$A,0)),$BX$12),$BX$11,IFERROR(INDEX(INDIRECT("Data!C"&$K$5,FALSE),MATCH(BG34,Data!$A:$A,0)),$BX$12)),"-") -> 216 | BQ34: =IF(AND(BH34>=$AC$4,BH34<=$AU$4),IF(""=IFERROR(INDEX(INDIRECT("Data!C"&$K$5,FALSE),MATCH(BH34,Data!$A:$A,0)),$BX$12),$BX$11,IFERROR(INDEX(INDIRECT("Data!C"&$K$5,FALSE),MATCH(BH34,Data!$A:$A,0)),$BX$12)),"-") -> 171 | BR34: =IF(AND(BI34>=$AC$4,BI34<=$AU$4),IF(""=IFERROR(INDEX(INDIRECT("Data!C"&$K$5,FALSE),MATCH(BI34,Data!$A:$A,0)),$BX$12),$BX$11,IFERROR(INDEX(INDIRECT("Data!C"&$K$5,FALSE),MATCH(BI34,Data!$A:$A,0)),$BX$12)),"-") -> 142 | BS34: =IF(AND(BJ34>=$AC$4,BJ34<=$AU$4),IF(""=IFERROR(INDEX(INDIRECT("Data!C"&$K$5,FALSE),MATCH(BJ34,Data!$A:$A,0)),$BX$12),$BX$11,IFERROR(INDEX(INDIRECT("Data!C"&$K$5,FALSE),MATCH(BJ34,Data!$A:$A,0)),$BX$12)),"-") -> 71 | BU34: =AVERAGE(K34:Q34,AC34:AI34,AU34:BA34,BM34:BS34) -> 206.71429
B35: =B34+7 -> 41070 | C35: =B35+1 -> 41071 | D35: =C35+1 -> 41072 | E35: =D35+1 -> 41073 | F35: =E35+1 -> 41074 | G35: =F35+1 -> 41075 | H35: =G35+1 -> 41076 | J35: {=IFERROR(IF(MATCH(8,DAY(B35:H35),0),H35,""),"")} | K35: =IF(AND(B35>=$AC$4,B35<=$AU$4),IF(""=IFERROR(INDEX(INDIRECT("Data!C"&$K$5,FALSE),MATCH(B35,Data!$A:$A,0)),$BX$12),$BX$11,IFERROR(INDEX(INDIRECT("Data!C"&$K$5,FALSE),MATCH(B35,Data!$A:$A,0)),$BX$12)),"-") -> 31 | L35: =IF(AND(C35>=$AC$4,C35<=$AU$4),IF(""=IFERROR(INDEX(INDIRECT("Data!C"&$K$5,FALSE),MATCH(C35,Data!$A:$A,0)),$BX$12),$BX$11,IFERROR(INDEX(INDIRECT("Data!C"&$K$5,FALSE),MATCH(C35,Data!$A:$A,0)),$BX$12)),"-") -> 315 | M35: =IF(AND(D35>=$AC$4,D35<=$AU$4),IF(""=IFERROR(INDEX(INDIRECT("Data!C"&$K$5,FALSE),MATCH(D35,Data!$A:$A,0)),$BX$12),$BX$11,IFERROR(INDEX(INDIRECT("Data!C"&$K$5,FALSE),MATCH(D35,Data!$A:$A,0)),$BX$12)),"-") -> 289 | N35: =IF(AND(E35>=$AC$4,E35<=$AU$4),IF(""=IFERROR(INDEX(INDIRECT("Data!C"&$K$5,FALSE),MATCH(E35,Data!$A:$A,0)),$BX$12),$BX$11,IFERROR(INDEX(INDIRECT("Data!C"&$K$5,FALSE),MATCH(E35,Data!$A:$A,0)),$BX$12)),"-") -> 306 | O35: =IF(AND(F35>=$AC$4,F35<=$AU$4),IF(""=IFERROR(INDEX(INDIRECT("Data!C"&$K$5,FALSE),MATCH(F35,Data!$A:$A,0)),$BX$12),$BX$11,IFERROR(INDEX(INDIRECT("Data!C"&$K$5,FALSE),MATCH(F35,Data!$A:$A,0)),$BX$12)),"-") -> 293 | P35: =IF(AND(G35>=$AC$4,G35<=$AU$4),IF(""=IFERROR(INDEX(INDIRECT("Data!C"&$K$5,FALSE),MATCH(G35,Data!$A:$A,0)),$BX$12),$BX$11,IFERROR(INDEX(INDIRECT("Data!C"&$K$5,FALSE),MATCH(G35,Data!$A:$A,0)),$BX$12)),"-") -> 179 | Q35: =IF(AND(H35>=$AC$4,H35<=$AU$4),IF(""=IFERROR(INDEX(INDIRECT("Data!C"&$K$5,FALSE),MATCH(H35,Data!$A:$A,0)),$BX$12),$BX$11,IFERROR(INDEX(INDIRECT("Data!C"&$K$5,FALSE),MATCH(H35,Data!$A:$A,0)),$BX$12)),"-") -> 74 | T35: =T34+7 -> 41434 | U35: =T35+1 -> 41435 | V35: =U35+1 -> 41436 | W35: =V35+1 -> 41437 | X35: =W35+1 -> 41438 | Y35: =X35+1 -> 41439 | Z35: =Y35+1 -> 41440 | AB35: {=IFERROR(IF(MATCH(8,DAY(T35:Z35),0),Z35,""),"")} | AC35: =IF(AND(T35>=$AC$4,T35<=$AU$4),IF(""=IFERROR(INDEX(INDIRECT("Data!C"&$K$5,FALSE),MATCH(T35,Data!$A:$A,0)),$BX$12),$BX$11,IFERROR(INDEX(INDIRECT("Data!C"&$K$5,FALSE),MATCH(T35,Data!$A:$A,0)),$BX$12)),"-") -> 41 | AD35: =IF(AND(U35>=$AC$4,U35<=$AU$4),IF(""=IFERROR(INDEX(INDIRECT("Data!C"&$K$5,FALSE),MATCH(U35,Data!$A:$A,0)),$BX$12),$BX$11,IFERROR(INDEX(INDIRECT("Data!C"&$K$5,FALSE),MATCH(U35,Data!$A:$A,0)),$BX$12)),"-") -> 227 | AE35: =IF(AND(V35>=$AC$4,V35<=$AU$4),IF(""=IFERROR(INDEX(INDIRECT("Data!C"&$K$5,FALSE),MATCH(V35,Data!$A:$A,0)),$BX$12),$BX$11,IFERROR(INDEX(INDIRECT("Data!C"&$K$5,FALSE),MATCH(V35,Data!$A:$A,0)),$BX$12)),"-") -> 216 | AF35: =IF(AND(W35>=$AC$4,W35<=$AU$4),IF(""=IFERROR(INDEX(INDIRECT("Data!C"&$K$5,FALSE),MATCH(W35,Data!$A:$A,0)),$BX$12),$BX$11,IFERROR(INDEX(INDIRECT("Data!C"&$K$5,FALSE),MATCH(W35,Data!$A:$A,0)),$BX$12)),"-") -> 171 | AG35: =IF(AND(X35>=$AC$4,X35<=$AU$4),IF(""=IFERROR(INDEX(INDIRECT("Data!C"&$K$5,FALSE),MATCH(X35,Data!$A:$A,0)),$BX$12),$BX$11,IFERROR(INDEX(INDIRECT("Data!C"&$K$5,FALSE),MATCH(X35,Data!$A:$A,0)),$BX$12)),"-") -> 153 | AH35: =IF(AND(Y35>=$AC$4,Y35<=$AU$4),IF(""=IFERROR(INDEX(INDIRECT("Data!C"&$K$5,FALSE),MATCH(Y35,Data!$A:$A,0)),$BX$12),$BX$11,IFERROR(INDEX(INDIRECT("Data!C"&$K$5,FALSE),MATCH(Y35,Data!$A:$A,0)),$BX$12)),"-") -> 236 | AI35: =IF(AND(Z35>=$AC$4,Z35<=$AU$4),IF(""=IFERROR(INDEX(INDIRECT("Data!C"&$K$5,FALSE),MATCH(Z35,Data!$A:$A,0)),$BX$12),$BX$11,IFERROR(INDEX(INDIRECT("Data!C"&$K$5,FALSE),MATCH(Z35,Data!$A:$A,0)),$BX$12)),"-") -> 59 | AL35: =AL34+7 -> 41798 | AM35: =AL35+1 -> 41799 | AN35: =AM35+1 -> 41800 | AO35: =AN35+1 -> 41801 | AP35: =AO35+1 -> 41802 | AQ35: =AP35+1 -> 41803 | AR35: =AQ35+1 -> 41804 | AT35: {=IFERROR(IF(MATCH(8,DAY(AL35:AR35),0),AR35,""),"")} -> 41804 | AU35: =IF(AND(AL35>=$AC$4,AL35<=$AU$4),IF(""=IFERROR(INDEX(INDIRECT("Data!C"&$K$5,FALSE),MATCH(AL35,Data!$A:$A,0)),$BX$12),$BX$11,IFERROR(INDEX(INDIRECT("Data!C"&$K$5,FALSE),MATCH(AL35,Data!$A:$A,0)),$BX$12)),"-") -> 40 | AV35: =IF(AND(AM35>=$AC$4,AM35<=$AU$4),IF(""=IFERROR(INDEX(INDIRECT("Data!C"&$K$5,FALSE),MATCH(AM35,Data!$A:$A,0)),$BX$12),$BX$11,IFERROR(INDEX(INDIRECT("Data!C"&$K$5,FALSE),MATCH(AM35,Data!$A:$A,0)),$BX$12)),"-") -> 355 | AW35: =IF(AND(AN35>=$AC$4,AN35<=$AU$4),IF(""=IFERROR(INDEX(INDIRECT("Data!C"&$K$5,FALSE),MATCH(AN35,Data!$A:$A,0)),$BX$12),$BX$11,IFERROR(INDEX(INDIRECT("Data!C"&$K$5,FALSE),MATCH(AN35,Data!$A:$A,0)),$BX$12)),"-") -> 234 | AX35: =IF(AND(AO35>=$AC$4,AO35<=$AU$4),IF(""=IFERROR(INDEX(INDIRECT("Data!C"&$K$5,FALSE),MATCH(AO35,Data!$A:$A,0)),$BX$12),$BX$11,IFERROR(INDEX(INDIRECT("Data!C"&$K$5,FALSE),MATCH(AO35,Data!$A:$A,0)),$BX$12)),"-") -> 204 | AY35: =IF(AND(AP35>=$AC$4,AP35<=$AU$4),IF(""=IFERROR(INDEX(INDIRECT("Data!C"&$K$5,FALSE),MATCH(AP35,Data!$A:$A,0)),$BX$12),$BX$11,IFERROR(INDEX(INDIRECT("Data!C"&$K$5,FALSE),MATCH(AP35,Data!$A:$A,0)),$BX$12)),"-") -> 218 | AZ35: =IF(AND(AQ35>=$AC$4,AQ35<=$AU$4),IF(""=IFERROR(INDEX(INDIRECT("Data!C"&$K$5,FALSE),MATCH(AQ35,Data!$A:$A,0)),$BX$12),$BX$11,IFERROR(INDEX(INDIRECT("Data!C"&$K$5,FALSE),MATCH(AQ35,Data!$A:$A,0)),$BX$12)),"-") -> 153 | BA35: =IF(AND(AR35>=$AC$4,AR35<=$AU$4),IF(""=IFERROR(INDEX(INDIRECT("Data!C"&$K$5,FALSE),MATCH(AR35,Data!$A:$A,0)),$BX$12),$BX$11,IFERROR(INDEX(INDIRECT("Data!C"&$K$5,FALSE),MATCH(AR35,Data!$A:$A,0)),$BX$12)),"-") -> 68 | BD35: =BD34+7 -> 42162 | BE35: =BD35+1 -> 42163 | BF35: =BE35+1 -> 42164 | BG35: =BF35+1 -> 42165 | BH35: =BG35+1 -> 42166 | BI35: =BH35+1 -> 42167 | BJ35: =BI35+1 -> 42168 | BL35: {=IFERROR(IF(MATCH(8,DAY(BD35:BJ35),0),BJ35,""),"")} -> 42168 | BM35: =IF(AND(BD35>=$AC$4,BD35<=$AU$4),IF(""=IFERROR(INDEX(INDIRECT("Data!C"&$K$5,FALSE),MATCH(BD35,Data!$A:$A,0)),$BX$12),$BX$11,IFERROR(INDEX(INDIRECT("Data!C"&$K$5,FALSE),MATCH(BD35,Data!$A:$A,0)),$BX$12)),"-") -> 18 | BN35: =IF(AND(BE35>=$AC$4,BE35<=$AU$4),IF(""=IFERROR(INDEX(INDIRECT("Data!C"&$K$5,FALSE),MATCH(BE35,Data!$A:$A,0)),$BX$12),$BX$11,IFERROR(INDEX(INDIRECT("Data!C"&$K$5,FALSE),MATCH(BE35,Data!$A:$A,0)),$BX$12)),"-") -> 342 | BO35: =IF(AND(BF35>=$AC$4,BF35<=$AU$4),IF(""=IFERROR(INDEX(INDIRECT("Data!C"&$K$5,FALSE),MATCH(BF35,Data!$A:$A,0)),$BX$12),$BX$11,IFERROR(INDEX(INDIRECT("Data!C"&$K$5,FALSE),MATCH(BF35,Data!$A:$A,0)),$BX$12)),"-") -> 259 | BP35: =IF(AND(BG35>=$AC$4,BG35<=$AU$4),IF(""=IFERROR(INDEX(INDIRECT("Data!C"&$K$5,FALSE),MATCH(BG35,Data!$A:$A,0)),$BX$12),$BX$11,IFERROR(INDEX(INDIRECT("Data!C"&$K$5,FALSE),MATCH(BG35,Data!$A:$A,0)),$BX$12)),"-") -> 280 | BQ35: =IF(AND(BH35>=$AC$4,BH35<=$AU$4),IF(""=IFERROR(INDEX(INDIRECT("Data!C"&$K$5,FALSE),MATCH(BH35,Data!$A:$A,0)),$BX$12),$BX$11,IFERROR(INDEX(INDIRECT("Data!C"&$K$5,FALSE),MATCH(BH35,Data!$A:$A,0)),$BX$12)),"-") -> 123 | BR35: =IF(AND(BI35>=$AC$4,BI35<=$AU$4),IF(""=IFERROR(INDEX(INDIRECT("Data!C"&$K$5,FALSE),MATCH(BI35,Data!$A:$A,0)),$BX$12),$BX$11,IFERROR(INDEX(INDIRECT("Data!C"&$K$5,FALSE),MATCH(BI35,Data!$A:$A,0)),$BX$12)),"-") -> 186 | BS35: =IF(AND(BJ35>=$AC$4,BJ35<=$AU$4),IF(""=IFERROR(INDEX(INDIRECT("Data!C"&$K$5,FALSE),MATCH(BJ35,Data!$A:$A,0)),$BX$12),$BX$11,IFERROR(INDEX(INDIRECT("Data!C"&$K$5,FALSE),MATCH(BJ35,Data!$A:$A,0)),$BX$12)),"-") -> 30 | BU35: =AVERAGE(K35:Q35,AC35:AI35,AU35:BA35,BM35:BS35) -> 182.14286
B36: =B35+7 -> 41077 | C36: =B36+1 -> 41078 | D36: =C36+1 -> 41079 | E36: =D36+1 -> 41080 | F36: =E36+1 -> 41081 | G36: =F36+1 -> 41082 | H36: =G36+1 -> 41083 | J36: {=IFERROR(IF(MATCH(8,DAY(B36:H36),0),H36,""),"")} | K36: =IF(AND(B36>=$AC$4,B36<=$AU$4),IF(""=IFERROR(INDEX(INDIRECT("Data!C"&$K$5,FALSE),MATCH(B36,Data!$A:$A,0)),$BX$12),$BX$11,IFERROR(INDEX(INDIRECT("Data!C"&$K$5,FALSE),MATCH(B36,Data!$A:$A,0)),$BX$12)),"-") -> 22 | L36: =IF(AND(C36>=$AC$4,C36<=$AU$4),IF(""=IFERROR(INDEX(INDIRECT("Data!C"&$K$5,FALSE),MATCH(C36,Data!$A:$A,0)),$BX$12),$BX$11,IFERROR(INDEX(INDIRECT("Data!C"&$K$5,FALSE),MATCH(C36,Data!$A:$A,0)),$BX$12)),"-") -> 216 | M36: =IF(AND(D36>=$AC$4,D36<=$AU$4),IF(""=IFERROR(INDEX(INDIRECT("Data!C"&$K$5,FALSE),MATCH(D36,Data!$A:$A,0)),$BX$12),$BX$11,IFERROR(INDEX(INDIRECT("Data!C"&$K$5,FALSE),MATCH(D36,Data!$A:$A,0)),$BX$12)),"-") -> 231 | N36: =IF(AND(E36>=$AC$4,E36<=$AU$4),IF(""=IFERROR(INDEX(INDIRECT("Data!C"&$K$5,FALSE),MATCH(E36,Data!$A:$A,0)),$BX$12),$BX$11,IFERROR(INDEX(INDIRECT("Data!C"&$K$5,FALSE),MATCH(E36,Data!$A:$A,0)),$BX$12)),"-") -> 218 | O36: =IF(AND(F36>=$AC$4,F36<=$AU$4),IF(""=IFERROR(INDEX(INDIRECT("Data!C"&$K$5,FALSE),MATCH(F36,Data!$A:$A,0)),$BX$12),$BX$11,IFERROR(INDEX(INDIRECT("Data!C"&$K$5,FALSE),MATCH(F36,Data!$A:$A,0)),$BX$12)),"-") -> 254 | P36: =IF(AND(G36>=$AC$4,G36<=$AU$4),IF(""=IFERROR(INDEX(INDIRECT("Data!C"&$K$5,FALSE),MATCH(G36,Data!$A:$A,0)),$BX$12),$BX$11,IFERROR(INDEX(INDIRECT("Data!C"&$K$5,FALSE),MATCH(G36,Data!$A:$A,0)),$BX$12)),"-") -> 118 | Q36: =IF(AND(H36>=$AC$4,H36<=$AU$4),IF(""=IFERROR(INDEX(INDIRECT("Data!C"&$K$5,FALSE),MATCH(H36,Data!$A:$A,0)),$BX$12),$BX$11,IFERROR(INDEX(INDIRECT("Data!C"&$K$5,FALSE),MATCH(H36,Data!$A:$A,0)),$BX$12)),"-") -> 55 | T36: =T35+7 -> 41441 | U36: =T36+1 -> 41442 | V36: =U36+1 -> 41443 | W36: =V36+1 -> 41444 | X36: =W36+1 -> 41445 | Y36: =X36+1 -> 41446 | Z36: =Y36+1 -> 41447 | AB36: {=IFERROR(IF(MATCH(8,DAY(T36:Z36),0),Z36,""),"")} | AC36: =IF(AND(T36>=$AC$4,T36<=$AU$4),IF(""=IFERROR(INDEX(INDIRECT("Data!C"&$K$5,FALSE),MATCH(T36,Data!$A:$A,0)),$BX$12),$BX$11,IFERROR(INDEX(INDIRECT("Data!C"&$K$5,FALSE),MATCH(T36,Data!$A:$A,0)),$BX$12)),"-") -> 32 | AD36: =IF(AND(U36>=$AC$4,U36<=$AU$4),IF(""=IFERROR(INDEX(INDIRECT("Data!C"&$K$5,FALSE),MATCH(U36,Data!$A:$A,0)),$BX$12),$BX$11,IFERROR(INDEX(INDIRECT("Data!C"&$K$5,FALSE),MATCH(U36,Data!$A:$A,0)),$BX$12)),"-") -> 378 | AE36: =IF(AND(V36>=$AC$4,V36<=$AU$4),IF(""=IFERROR(INDEX(INDIRECT("Data!C"&$K$5,FALSE),MATCH(V36,Data!$A:$A,0)),$BX$12),$BX$11,IFERROR(INDEX(INDIRECT("Data!C"&$K$5,FALSE),MATCH(V36,Data!$A:$A,0)),$BX$12)),"-") -> 246 | AF36: =IF(AND(W36>=$AC$4,W36<=$AU$4),IF(""=IFERROR(INDEX(INDIRECT("Data!C"&$K$5,FALSE),MATCH(W36,Data!$A:$A,0)),$BX$12),$BX$11,IFERROR(INDEX(INDIRECT("Data!C"&$K$5,FALSE),MATCH(W36,Data!$A:$A,0)),$BX$12)),"-") -> 171 | AG36: =IF(AND(X36>=$AC$4,X36<=$AU$4),IF(""=IFERROR(INDEX(INDIRECT("Data!C"&$K$5,FALSE),MATCH(X36,Data!$A:$A,0)),$BX$12),$BX$11,IFERROR(INDEX(INDIRECT("Data!C"&$K$5,FALSE),MATCH(X36,Data!$A:$A,0)),$BX$12)),"-") -> 151 | AH36: =IF(AND(Y36>=$AC$4,Y36<=$AU$4),IF(""=IFERROR(INDEX(INDIRECT("Data!C"&$K$5,FALSE),MATCH(Y36,Data!$A:$A,0)),$BX$12),$BX$11,IFERROR(INDEX(INDIRECT("Data!C"&$K$5,FALSE),MATCH(Y36,Data!$A:$A,0)),$BX$12)),"-") -> 108 | AI36: =IF(AND(Z36>=$AC$4,Z36<=$AU$4),IF(""=IFERROR(INDEX(INDIRECT("Data!C"&$K$5,FALSE),MATCH(Z36,Data!$A:$A,0)),$BX$12),$BX$11,IFERROR(INDEX(INDIRECT("Data!C"&$K$5,FALSE),MATCH(Z36,Data!$A:$A,0)),$BX$12)),"-") -> 39 | AL36: =AL35+7 -> 41805 | AM36: =AL36+1 -> 41806 | AN36: =AM36+1 -> 41807 | AO36: =AN36+1 -> 41808 | AP36: =AO36+1 -> 41809 | AQ36: =AP36+1 -> 41810 | AR36: =AQ36+1 -> 41811 | AT36: {=IFERROR(IF(MATCH(8,DAY(AL36:AR36),0),AR36,""),"")} | AU36: =IF(AND(AL36>=$AC$4,AL36<=$AU$4),IF(""=IFERROR(INDEX(INDIRECT("Data!C"&$K$5,FALSE),MATCH(AL36,Data!$A:$A,0)),$BX$12),$BX$11,IFERROR(INDEX(INDIRECT("Data!C"&$K$5,FALSE),MATCH(AL36,Data!$A:$A,0)),$BX$12)),"-") -> 18 | AV36: =IF(AND(AM36>=$AC$4,AM36<=$AU$4),IF(""=IFERROR(INDEX(INDIRECT("Data!C"&$K$5,FALSE),MATCH(AM36,Data!$A:$A,0)),$BX$12),$BX$11,IFERROR(INDEX(INDIRECT("Data!C"&$K$5,FALSE),MATCH(AM36,Data!$A:$A,0)),$BX$12)),"-") -> 265 | AW36: =IF(AND(AN36>=$AC$4,AN36<=$AU$4),IF(""=IFERROR(INDEX(INDIRECT("Data!C"&$K$5,FALSE),MATCH(AN36,Data!$A:$A,0)),$BX$12),$BX$11,IFERROR(INDEX(INDIRECT("Data!C"&$K$5,FALSE),MATCH(AN36,Data!$A:$A,0)),$BX$12)),"-") -> 305 | AX36: =IF(AND(AO36>=$AC$4,AO36<=$AU$4),IF(""=IFERROR(INDEX(INDIRECT("Data!C"&$K$5,FALSE),MATCH(AO36,Data!$A:$A,0)),$BX$12),$BX$11,IFERROR(INDEX(INDIRECT("Data!C"&$K$5,FALSE),MATCH(AO36,Data!$A:$A,0)),$BX$12)),"-") -> 121 | AY36: =IF(AND(AP36>=$AC$4,AP36<=$AU$4),IF(""=IFERROR(INDEX(INDIRECT("Data!C"&$K$5,FALSE),MATCH(AP36,Data!$A:$A,0)),$BX$12),$BX$11,IFERROR(INDEX(INDIRECT("Data!C"&$K$5,FALSE),MATCH(AP36,Data!$A:$A,0)),$BX$12)),"-") -> 116 | AZ36: =IF(AND(AQ36>=$AC$4,AQ36<=$AU$4),IF(""=IFERROR(INDEX(INDIRECT("Data!C"&$K$5,FALSE),MATCH(AQ36,Data!$A:$A,0)),$BX$12),$BX$11,IFERROR(INDEX(INDIRECT("Data!C"&$K$5,FALSE),MATCH(AQ36,Data!$A:$A,0)),$BX$12)),"-") -> 161 | BA36: =IF(AND(AR36>=$AC$4,AR36<=$AU$4),IF(""=IFERROR(INDEX(INDIRECT("Data!C"&$K$5,FALSE),MATCH(AR36,Data!$A:$A,0)),$BX$12),$BX$11,IFERROR(INDEX(INDIRECT("Data!C"&$K$5,FALSE),MATCH(AR36,Data!$A:$A,0)),$BX$12)),"-") -> 30 | BD36: =BD35+7 -> 42169 | BE36: =BD36+1 -> 42170 | BF36: =BE36+1 -> 42171 | BG36: =BF36+1 -> 42172 | BH36: =BG36+1 -> 42173 | BI36: =BH36+1 -> 42174 | BJ36: =BI36+1 -> 42175 | BL36: {=IFERROR(IF(MATCH(8,DAY(BD36:BJ36),0),BJ36,""),"")} | BM36: =IF(AND(BD36>=$AC$4,BD36<=$AU$4),IF(""=IFERROR(INDEX(INDIRECT("Data!C"&$K$5,FALSE),MATCH(BD36,Data!$A:$A,0)),$BX$12),$BX$11,IFERROR(INDEX(INDIRECT("Data!C"&$K$5,FALSE),MATCH(BD36,Data!$A:$A,0)),$BX$12)),"-") -> 25 | BN36: =IF(AND(BE36>=$AC$4,BE36<=$AU$4),IF(""=IFERROR(INDEX(INDIRECT("Data!C"&$K$5,FALSE),MATCH(BE36,Data!$A:$A,0)),$BX$12),$BX$11,IFERROR(INDEX(INDIRECT("Data!C"&$K$5,FALSE),MATCH(BE36,Data!$A:$A,0)),$BX$12)),"-") -> 238 | BO36: =IF(AND(BF36>=$AC$4,BF36<=$AU$4),IF(""=IFERROR(INDEX(INDIRECT("Data!C"&$K$5,FALSE),MATCH(BF36,Data!$A:$A,0)),$BX$12),$BX$11,IFERROR(INDEX(INDIRECT("Data!C"&$K$5,FALSE),MATCH(BF36,Data!$A:$A,0)),$BX$12)),"-") -> 145 | BP36: =IF(AND(BG36>=$AC$4,BG36<=$AU$4),IF(""=IFERROR(INDEX(INDIRECT("Data!C"&$K$5,FALSE),MATCH(BG36,Data!$A:$A,0)),$BX$12),$BX$11,IFERROR(INDEX(INDIRECT("Data!C"&$K$5,FALSE),MATCH(BG36,Data!$A:$A,0)),$BX$12)),"-") -> 177 | BQ36: =IF(AND(BH36>=$AC$4,BH36<=$AU$4),IF(""=IFERROR(INDEX(INDIRECT("Data!C"&$K$5,FALSE),MATCH(BH36,Data!$A:$A,0)),$BX$12),$BX$11,IFERROR(INDEX(INDIRECT("Data!C"&$K$5,FALSE),MATCH(BH36,Data!$A:$A,0)),$BX$12)),"-") -> 185 | BR36: =IF(AND(BI36>=$AC$4,BI36<=$AU$4),IF(""=IFERROR(INDEX(INDIRECT("Data!C"&$K$5,FALSE),MATCH(BI36,Data!$A:$A,0)),$BX$12),$BX$11,IFERROR(INDEX(INDIRECT("Data!C"&$K$5,FALSE),MATCH(BI36,Data!$A:$A,0)),$BX$12)),"-") -> 109 | BS36: =IF(AND(BJ36>=$AC$4,BJ36<=$AU$4),IF(""=IFERROR(INDEX(INDIRECT("Data!C"&$K$5,FALSE),MATCH(BJ36,Data!$A:$A,0)),$BX$12),$BX$11,IFERROR(INDEX(INDIRECT("Data!C"&$K$5,FALSE),MATCH(BJ36,Data!$A:$A,0)),$BX$12)),"-") -> 52 | BU36: =AVERAGE(K36:Q36,AC36:AI36,AU36:BA36,BM36:BS36) -> 149.5
... B64: =B63+7 -> 41273 | C64: =B64+1 -> 41274 | D64: =C64+1 -> 41275 | E64: =D64+1 -> 41276 | F64: =E64+1 -> 41277 | G64: =F64+1 -> 41278 | H64: =G64+1 -> 41279 | J64: {=IFERROR(IF(MATCH(8,DAY(B64:H64),0),H64,""),"")} | K64: =IF(AND(B64>=$AC$4,B64<=$AU$4),IF(""=IFERROR(INDEX(INDIRECT("Data!C"&$K$5,FALSE),MATCH(B64,Data!$A:$A,0)),$BX$12),$BX$11,IFERROR(INDEX(INDIRECT("Data!C"&$K$5,FALSE),MATCH(B64,Data!$A:$A,0)),$BX$12)),"-") -> 30 | L64: =IF(AND(C64>=$AC$4,C64<=$AU$4),IF(""=IFERROR(INDEX(INDIRECT("Data!C"&$K$5,FALSE),MATCH(C64,Data!$A:$A,0)),$BX$12),$BX$11,IFERROR(INDEX(INDIRECT("Data!C"&$K$5,FALSE),MATCH(C64,Data!$A:$A,0)),$BX$12)),"-") -> 123 | M64: =IF(AND(D64>=$AC$4,D64<=$AU$4),IF(""=IFERROR(INDEX(INDIRECT("Data!C"&$K$5,FALSE),MATCH(D64,Data!$A:$A,0)),$BX$12),$BX$11,IFERROR(INDEX(INDIRECT("Data!C"&$K$5,FALSE),MATCH(D64,Data!$A:$A,0)),$BX$12)),"-") -> 126 | N64: =IF(AND(E64>=$AC$4,E64<=$AU$4),IF(""=IFERROR(INDEX(INDIRECT("Data!C"&$K$5,FALSE),MATCH(E64,Data!$A:$A,0)),$BX$12),$BX$11,IFERROR(INDEX(INDIRECT("Data!C"&$K$5,FALSE),MATCH(E64,Data!$A:$A,0)),$BX$12)),"-") -> 141 | O64: =IF(AND(F64>=$AC$4,F64<=$AU$4),IF(""=IFERROR(INDEX(INDIRECT("Data!C"&$K$5,FALSE),MATCH(F64,Data!$A:$A,0)),$BX$12),$BX$11,IFERROR(INDEX(INDIRECT("Data!C"&$K$5,FALSE),MATCH(F64,Data!$A:$A,0)),$BX$12)),"-") -> 86 | P64: =IF(AND(G64>=$AC$4,G64<=$AU$4),IF(""=IFERROR(INDEX(INDIRECT("Data!C"&$K$5,FALSE),MATCH(G64,Data!$A:$A,0)),$BX$12),$BX$11,IFERROR(INDEX(INDIRECT("Data!C"&$K$5,FALSE),MATCH(G64,Data!$A:$A,0)),$BX$12)),"-") -> 109 | Q64: =IF(AND(H64>=$AC$4,H64<=$AU$4),IF(""=IFERROR(INDEX(INDIRECT("Data!C"&$K$5,FALSE),MATCH(H64,Data!$A:$A,0)),$BX$12),$BX$11,IFERROR(INDEX(INDIRECT("Data!C"&$K$5,FALSE),MATCH(H64,Data!$A:$A,0)),$BX$12)),"-") -> 45 | T64: =T63+7 -> 41637 | U64: =T64+1 -> 41638 | V64: =U64+1 -> 41639 | W64: =V64+1 -> 41640 | X64: =W64+1 -> 41641 | Y64: =X64+1 -> 41642 | Z64: =Y64+1 -> 41643 | AB64: {=IFERROR(IF(MATCH(8,DAY(T64:Z64),0),Z64,""),"")} | AC64: =IF(AND(T64>=$AC$4,T64<=$AU$4),IF(""=IFERROR(INDEX(INDIRECT("Data!C"&$K$5,FALSE),MATCH(T64,Data!$A:$A,0)),$BX$12),$BX$11,IFERROR(INDEX(INDIRECT("Data!C"&$K$5,FALSE),MATCH(T64,Data!$A:$A,0)),$BX$12)),"-") -> 27 | AD64: =IF(AND(U64>=$AC$4,U64<=$AU$4),IF(""=IFERROR(INDEX(INDIRECT("Data!C"&$K$5,FALSE),MATCH(U64,Data!$A:$A,0)),$BX$12),$BX$11,IFERROR(INDEX(INDIRECT("Data!C"&$K$5,FALSE),MATCH(U64,Data!$A:$A,0)),$BX$12)),"-") -> 249 | AE64: =IF(AND(V64>=$AC$4,V64<=$AU$4),IF(""=IFERROR(INDEX(INDIRECT("Data!C"&$K$5,FALSE),MATCH(V64,Data!$A:$A,0)),$BX$12),$BX$11,IFERROR(INDEX(INDIRECT("Data!C"&$K$5,FALSE),MATCH(V64,Data!$A:$A,0)),$BX$12)),"-") -> 269 | AF64: =IF(AND(W64>=$AC$4,W64<=$AU$4),IF(""=IFERROR(INDEX(INDIRECT("Data!C"&$K$5,FALSE),MATCH(W64,Data!$A:$A,0)),$BX$12),$BX$11,IFERROR(INDEX(INDIRECT("Data!C"&$K$5,FALSE),MATCH(W64,Data!$A:$A,0)),$BX$12)),"-") -> 154 | AG64: =IF(AND(X64>=$AC$4,X64<=$AU$4),IF(""=IFERROR(INDEX(INDIRECT("Data!C"&$K$5,FALSE),MATCH(X64,Data!$A:$A,0)),$BX$12),$BX$11,IFERROR(INDEX(INDIRECT("Data!C"&$K$5,FALSE),MATCH(X64,Data!$A:$A,0)),$BX$12)),"-") -> 123 | AH64: =IF(AND(Y64>=$AC$4,Y64<=$AU$4),IF(""=IFERROR(INDEX(INDIRECT("Data!C"&$K$5,FALSE),MATCH(Y64,Data!$A:$A,0)),$BX$12),$BX$11,IFERROR(INDEX(INDIRECT("Data!C"&$K$5,FALSE),MATCH(Y64,Data!$A:$A,0)),$BX$12)),"-") -> 88 | AI64: =IF(AND(Z64>=$AC$4,Z64<=$AU$4),IF(""=IFERROR(INDEX(INDIRECT("Data!C"&$K$5,FALSE),MATCH(Z64,Data!$A:$A,0)),$BX$12),$BX$11,IFERROR(INDEX(INDIRECT("Data!C"&$K$5,FALSE),MATCH(Z64,Data!$A:$A,0)),$BX$12)),"-") -> 20 | AL64: =AL63+7 -> 42001 | AM64: =AL64+1 -> 42002 | AN64: =AM64+1 -> 42003 | AO64: =AN64+1 -> 42004 | AP64: =AO64+1 -> 42005 | AQ64: =AP64+1 -> 42006 | AR64: =AQ64+1 -> 42007 | AT64: {=IFERROR(IF(MATCH(8,DAY(AL64:AR64),0),AR64,""),"")} | AU64: =IF(AND(AL64>=$AC$4,AL64<=$AU$4),IF(""=IFERROR(INDEX(INDIRECT("Data!C"&$K$5,FALSE),MATCH(AL64,Data!$A:$A,0)),$BX$12),$BX$11,IFERROR(INDEX(INDIRECT("Data!C"&$K$5,FALSE),MATCH(AL64,Data!$A:$A,0)),$BX$12)),"-") -> 28 | AV64: =IF(AND(AM64>=$AC$4,AM64<=$AU$4),IF(""=IFERROR(INDEX(INDIRECT("Data!C"&$K$5,FALSE),MATCH(AM64,Data!$A:$A,0)),$BX$12),$BX$11,IFERROR(INDEX(INDIRECT("Data!C"&$K$5,FALSE),MATCH(AM64,Data!$A:$A,0)),$BX$12)),"-") -> 122 | AW64: =IF(AND(AN64>=$AC$4,AN64<=$AU$4),IF(""=IFERROR(INDEX(INDIRECT("Data!C"&$K$5,FALSE),MATCH(AN64,Data!$A:$A,0)),$BX$12),$BX$11,IFERROR(INDEX(INDIRECT("Data!C"&$K$5,FALSE),MATCH(AN64,Data!$A:$A,0)),$BX$12)),"-") -> 160 | AX64: =IF(AND(AO64>=$AC$4,AO64<=$AU$4),IF(""=IFERROR(INDEX(INDIRECT("Data!C"&$K$5,FALSE),MATCH(AO64,Data!$A:$A,0)),$BX$12),$BX$11,IFERROR(INDEX(INDIRECT("Data!C"&$K$5,FALSE),MATCH(AO64,Data!$A:$A,0)),$BX$12)),"-") -> 122 | AY64: =IF(AND(AP64>=$AC$4,AP64<=$AU$4),IF(""=IFERROR(INDEX(INDIRECT("Data!C"&$K$5,FALSE),MATCH(AP64,Data!$A:$A,0)),$BX$12),$BX$11,IFERROR(INDEX(INDIRECT("Data!C"&$K$5,FALSE),MATCH(AP64,Data!$A:$A,0)),$BX$12)),"-") -> 187 | AZ64: =IF(AND(AQ64>=$AC$4,AQ64<=$AU$4),IF(""=IFERROR(INDEX(INDIRECT("Data!C"&$K$5,FALSE),MATCH(AQ64,Data!$A:$A,0)),$BX$12),$BX$11,IFERROR(INDEX(INDIRECT("Data!C"&$K$5,FALSE),MATCH(AQ64,Data!$A:$A,0)),$BX$12)),"-") -> 147 | BA64: =IF(AND(AR64>=$AC$4,AR64<=$AU$4),IF(""=IFERROR(INDEX(INDIRECT("Data!C"&$K$5,FALSE),MATCH(AR64,Data!$A:$A,0)),$BX$12),$BX$11,IFERROR(INDEX(INDIRECT("Data!C"&$K$5,FALSE),MATCH(AR64,Data!$A:$A,0)),$BX$12)),"-") -> 60 | BD64: =BD63+7 -> 42365 | BE64: =BD64+1 -> 42366 | BF64: =BE64+1 -> 42367 | BG64: =BF64+1 -> 42368 | BH64: =BG64+1 -> 42369 | BI64: =BH64+1 -> 42370 | BJ64: =BI64+1 -> 42371 | BL64: {=IFERROR(IF(MATCH(8,DAY(BD64:BJ64),0),BJ64,""),"")} | BM64: =IF(AND(BD64>=$AC$4,BD64<=$AU$4),IF(""=IFERROR(INDEX(INDIRECT("Data!C"&$K$5,FALSE),MATCH(BD64,Data!$A:$A,0)),$BX$12),$BX$11,IFERROR(INDEX(INDIRECT("Data!C"&$K$5,FALSE),MATCH(BD64,Data!$A:$A,0)),$BX$12)),"-") -> 12 | BN64: =IF(AND(BE64>=$AC$4,BE64<=$AU$4),IF(""=IFERROR(INDEX(INDIRECT("Data!C"&$K$5,FALSE),MATCH(BE64,Data!$A:$A,0)),$BX$12),$BX$11,IFERROR(INDEX(INDIRECT("Data!C"&$K$5,FALSE),MATCH(BE64,Data!$A:$A,0)),$BX$12)),"-") -> 266 | BO64: =IF(AND(BF64>=$AC$4,BF64<=$AU$4),IF(""=IFERROR(INDEX(INDIRECT("Data!C"&$K$5,FALSE),MATCH(BF64,Data!$A:$A,0)),$BX$12),$BX$11,IFERROR(INDEX(INDIRECT("Data!C"&$K$5,FALSE),MATCH(BF64,Data!$A:$A,0)),$BX$12)),"-") -> 99 | BP64: =IF(AND(BG64>=$AC$4,BG64<=$AU$4),IF(""=IFERROR(INDEX(INDIRECT("Data!C"&$K$5,FALSE),MATCH(BG64,Data!$A:$A,0)),$BX$12),$BX$11,IFERROR(INDEX(INDIRECT("Data!C"&$K$5,FALSE),MATCH(BG64,Data!$A:$A,0)),$BX$12)),"-") -> 156 | BQ64: =IF(AND(BH64>=$AC$4,BH64<=$AU$4),IF(""=IFERROR(INDEX(INDIRECT("Data!C"&$K$5,FALSE),MATCH(BH64,Data!$A:$A,0)),$BX$12),$BX$11,IFERROR(INDEX(INDIRECT("Data!C"&$K$5,FALSE),MATCH(BH64,Data!$A:$A,0)),$BX$12)),"-") -> 209 | BR64: =IF(AND(BI64>=$AC$4,BI64<=$AU$4),IF(""=IFERROR(INDEX(INDIRECT("Data!C"&$K$5,FALSE),MATCH(BI64,Data!$A:$A,0)),$BX$12),$BX$11,IFERROR(INDEX(INDIRECT("Data!C"&$K$5,FALSE),MATCH(BI64,Data!$A:$A,0)),$BX$12)),"-") -> - | BS64: =IF(AND(BJ64>=$AC$4,BJ64<=$AU$4),IF(""=IFERROR(INDEX(INDIRECT("Data!C"&$K$5,FALSE),MATCH(BJ64,Data!$A:$A,0)),$BX$12),$BX$11,IFERROR(INDEX(INDIRECT("Data!C"&$K$5,FALSE),MATCH(BJ64,Data!$A:$A,0)),$BX$12)),"-") -> - | BU64: =AVERAGE(K64:Q64,AC64:AI64,AU64:BA64,BM64:BS64) -> 121.46154

Sheet 1-Year
A1: Calendar Chart
C3: Data Set
C4: Sample | K4: =MATCH(C4,data_labels,0) -> 2
B6: From | C6: 41275
B7: To | C7: =I66 -> 41643 | V7: Calendar Start Day: | W7: Sunday
W8: =MATCH(W7,{"Sunday";"Monday";"Tuesday";"Wednesday";"Thursday";"Friday";"Saturday"},0) -> 1
J10: Avg: | K10: =AVERAGE(K14:K66) -> 28.307692 | L10: =AVERAGE(L14:L66) -> 293.80769 | M10: =AVERAGE(M14:M66) -> 255.26415 | N10: =AVERAGE(N14:N66) -> 221.84906 | O10: =AVERAGE(O14:O66) -> 195.50943 | P10: =AVERAGE(P14:P66) -> 176.88679 | Q10: =AVERAGE(Q14:Q66) -> 59.698113
J11: Average: | K11: =AVERAGE(K14:K66) -> 28.307692 | L11: =AVERAGE(L14:L66) -> 293.80769 | M11: =AVERAGE(M14:M66) -> 255.26415 | N11: =AVERAGE(N14:N66) -> 221.84906 | O11: =AVERAGE(O14:O66) -> 195.50943 | P11: =AVERAGE(P14:P66) -> 176.88679 | Q11: =AVERAGE(Q14:Q66) -> 59.698113
C13: =CHOOSE(WEEKDAY(C14,1),"Su","M","Tu","W","Th","F","Sa") -> Su | D13: =CHOOSE(WEEKDAY(D14,1),"Su","M","Tu","W","Th","F","Sa") -> M | E13: =CHOOSE(WEEKDAY(E14,1),"Su","M","Tu","W","Th","F","Sa") -> Tu | F13: =CHOOSE(WEEKDAY(F14,1),"Su","M","Tu","W","Th","F","Sa") -> W | G13: =CHOOSE(WEEKDAY(G14,1),"Su","M","Tu","W","Th","F","Sa") -> Th | H13: =CHOOSE(WEEKDAY(H14,1),"Su","M","Tu","W","Th","F","Sa") -> F | I13: =CHOOSE(WEEKDAY(I14,1),"Su","M","Tu","W","Th","F","Sa") -> Sa | K13: =C14 -> 41273 | L13: =K13+1 -> 41274 | M13: =L13+1 -> 41275 | N13: =M13+1 -> 41276 | O13: =N13+1 -> 41277 | P13: =O13+1 -> 41278 | Q13: =P13+1 -> 41279 | S13: Weekly Average | V13: Note: The values you choose for missing data affect averages.
A14: =IF(DAY(C14)=1,"",C14) -> 41273 | C14: =C6-WEEKDAY(C6,1)+W8 -> 41273 | D14: =C14+1 -> 41274 | E14: =D14+1 -> 41275 | F14: =E14+1 -> 41276 | G14: =F14+1 -> 41277 | H14: =G14+1 -> 41278 | I14: =H14+1 -> 41279 | K14: =IF(AND(C14>=$C$6,C14<=$C$7),IF(""=IFERROR(INDEX(INDIRECT("Data!C"&$K$4,FALSE),MATCH(C14,Data!$A:$A,0)),$W$17),$W$16,IFERROR(INDEX(INDIRECT("Data!C"&$K$4,FALSE),MATCH(C14,Data!$A:$A,0)),$W$17)),"-") -> - | L14: =IF(AND(D14>=$C$6,D14<=$C$7),IF(""=IFERROR(INDEX(INDIRECT("Data!C"&$K$4,FALSE),MATCH(D14,Data!$A:$A,0)),$W$17),$W$16,IFERROR(INDEX(INDIRECT("Data!C"&$K$4,FALSE),MATCH(D14,Data!$A:$A,0)),$W$17)),"-") -> - | M14: =IF(AND(E14>=$C$6,E14<=$C$7),IF(""=IFERROR(INDEX(INDIRECT("Data!C"&$K$4,FALSE),MATCH(E14,Data!$A:$A,0)),$W$17),$W$16,IFERROR(INDEX(INDIRECT("Data!C"&$K$4,FALSE),MATCH(E14,Data!$A:$A,0)),$W$17)),"-") -> 126 | N14: =IF(AND(F14>=$C$6,F14<=$C$7),IF(""=IFERROR(INDEX(INDIRECT("Data!C"&$K$4,FALSE),MATCH(F14,Data!$A:$A,0)),$W$17),$W$16,IFERROR(INDEX(INDIRECT("Data!C"&$K$4,FALSE),MATCH(F14,Data!$A:$A,0)),$W$17)),"-") -> 141 | O14: =IF(AND(G14>=$C$6,G14<=$C$7),IF(""=IFERROR(INDEX(INDIRECT("Data!C"&$K$4,FALSE),MATCH(G14,Data!$A:$A,0)),$W$17),$W$16,IFERROR(INDEX(INDIRECT("Data!C"&$K$4,FALSE),MATCH(G14,Data!$A:$A,0)),$W$17)),"-") -> 86 | P14: =IF(AND(H14>=$C$6,H14<=$C$7),IF(""=IFERROR(INDEX(INDIRECT("Data!C"&$K$4,FALSE),MATCH(H14,Data!$A:$A,0)),$W$17),$W$16,IFERROR(INDEX(INDIRECT("Data!C"&$K$4,FALSE),MATCH(H14,Data!$A:$A,0)),$W$17)),"-") -> 109 | Q14: =IF(AND(I14>=$C$6,I14<=$C$7),IF(""=IFERROR(INDEX(INDIRECT("Data!C"&$K$4,FALSE),MATCH(I14,Data!$A:$A,0)),$W$17),$W$16,IFERROR(INDEX(INDIRECT("Data!C"&$K$4,FALSE),MATCH(I14,Data!$A:$A,0)),$W$17)),"-") -> 45 | S14: =AVERAGE(K14:Q14) -> 101.4 | T14: =IF(COUNTIF(K14:Q14,"<>-")>0,AVERAGE(K14:Q14),"-") -> 101.4
A15: {=IFERROR(IF(MATCH(8,DAY(C15:I15),0),I15,""),"")} -> 41286 | C15: =C14+7 -> 41280 | D15: =C15+1 -> 41281 | E15: =D15+1 -> 41282 | F15: =E15+1 -> 41283 | G15: =F15+1 -> 41284 | H15: =G15+1 -> 41285 | I15: =H15+1 -> 41286 | K15: =IF(AND(C15>=$C$6,C15<=$C$7),IF(""=IFERROR(INDEX(INDIRECT("Data!C"&$K$4,FALSE),MATCH(C15,Data!$A:$A,0)),$W$17),$W$16,IFERROR(INDEX(INDIRECT("Data!C"&$K$4,FALSE),MATCH(C15,Data!$A:$A,0)),$W$17)),"-") -> 11 | L15: =IF(AND(D15>=$C$6,D15<=$C$7),IF(""=IFERROR(INDEX(INDIRECT("Data!C"&$K$4,FALSE),MATCH(D15,Data!$A:$A,0)),$W$17),$W$16,IFERROR(INDEX(INDIRECT("Data!C"&$K$4,FALSE),MATCH(D15,Data!$A:$A,0)),$W$17)),"-") -> 143 | M15: =IF(AND(E15>=$C$6,E15<=$C$7),IF(""=IFERROR(INDEX(INDIRECT("Data!C"&$K$4,FALSE),MATCH(E15,Data!$A:$A,0)),$W$17),$W$16,IFERROR(INDEX(INDIRECT("Data!C"&$K$4,FALSE),MATCH(E15,Data!$A:$A,0)),$W$17)),"-") -> 182 | N15: =IF(AND(F15>=$C$6,F15<=$C$7),IF(""=IFERROR(INDEX(INDIRECT("Data!C"&$K$4,FALSE),MATCH(F15,Data!$A:$A,0)),$W$17),$W$16,IFERROR(INDEX(INDIRECT("Data!C"&$K$4,FALSE),MATCH(F15,Data!$A:$A,0)),$W$17)),"-") -> 202 | O15: =IF(AND(G15>=$C$6,G15<=$C$7),IF(""=IFERROR(INDEX(INDIRECT("Data!C"&$K$4,FALSE),MATCH(G15,Data!$A:$A,0)),$W$17),$W$16,IFERROR(INDEX(INDIRECT("Data!C"&$K$4,FALSE),MATCH(G15,Data!$A:$A,0)),$W$17)),"-") -> 78 | P15: =IF(AND(H15>=$C$6,H15<=$C$7),IF(""=IFERROR(INDEX(INDIRECT("Data!C"&$K$4,FALSE),MATCH(H15,Data!$A:$A,0)),$W$17),$W$16,IFERROR(INDEX(INDIRECT("Data!C"&$K$4,FALSE),MATCH(H15,Data!$A:$A,0)),$W$17)),"-") -> 157 | Q15: =IF(AND(I15>=$C$6,I15<=$C$7),IF(""=IFERROR(INDEX(INDIRECT("Data!C"&$K$4,FALSE),MATCH(I15,Data!$A:$A,0)),$W$17),$W$16,IFERROR(INDEX(INDIRECT("Data!C"&$K$4,FALSE),MATCH(I15,Data!$A:$A,0)),$W$17)),"-") -> 52 | S15: =AVERAGE(K15:Q15) -> 117.85714 | T15: =IF(COUNTIF(K15:Q15,"<>-")>0,AVERAGE(K15:Q15),"-") -> 117.85714
A16: {=IFERROR(IF(MATCH(8,DAY(C16:I16),0),I16,""),"")} | C16: =C15+7 -> 41287 | D16: =C16+1 -> 41288 | E16: =D16+1 -> 41289 | F16: =E16+1 -> 41290 | G16: =F16+1 -> 41291 | H16: =G16+1 -> 41292 | I16: =H16+1 -> 41293 | K16: =IF(AND(C16>=$C$6,C16<=$C$7),IF(""=IFERROR(INDEX(INDIRECT("Data!C"&$K$4,FALSE),MATCH(C16,Data!$A:$A,0)),$W$17),$W$16,IFERROR(INDEX(INDIRECT("Data!C"&$K$4,FALSE),MATCH(C16,Data!$A:$A,0)),$W$17)),"-") -> 12 | L16: =IF(AND(D16>=$C$6,D16<=$C$7),IF(""=IFERROR(INDEX(INDIRECT("Data!C"&$K$4,FALSE),MATCH(D16,Data!$A:$A,0)),$W$17),$W$16,IFERROR(INDEX(INDIRECT("Data!C"&$K$4,FALSE),MATCH(D16,Data!$A:$A,0)),$W$17)),"-") -> 158 | M16: =IF(AND(E16>=$C$6,E16<=$C$7),IF(""=IFERROR(INDEX(INDIRECT("Data!C"&$K$4,FALSE),MATCH(E16,Data!$A:$A,0)),$W$17),$W$16,IFERROR(INDEX(INDIRECT("Data!C"&$K$4,FALSE),MATCH(E16,Data!$A:$A,0)),$W$17)),"-") -> 124 | N16: =IF(AND(F16>=$C$6,F16<=$C$7),IF(""=IFERROR(INDEX(INDIRECT("Data!C"&$K$4,FALSE),MATCH(F16,Data!$A:$A,0)),$W$17),$W$16,IFERROR(INDEX(INDIRECT("Data!C"&$K$4,FALSE),MATCH(F16,Data!$A:$A,0)),$W$17)),"-") -> 181 | O16: =IF(AND(G16>=$C$6,G16<=$C$7),IF(""=IFERROR(INDEX(INDIRECT("Data!C"&$K$4,FALSE),MATCH(G16,Data!$A:$A,0)),$W$17),$W$16,IFERROR(INDEX(INDIRECT("Data!C"&$K$4,FALSE),MATCH(G16,Data!$A:$A,0)),$W$17)),"-") -> 99 | P16: =IF(AND(H16>=$C$6,H16<=$C$7),IF(""=IFERROR(INDEX(INDIRECT("Data!C"&$K$4,FALSE),MATCH(H16,Data!$A:$A,0)),$W$17),$W$16,IFERROR(INDEX(INDIRECT("Data!C"&$K$4,FALSE),MATCH(H16,Data!$A:$A,0)),$W$17)),"-") -> 191 | Q16: =IF(AND(I16>=$C$6,I16<=$C$7),IF(""=IFERROR(INDEX(INDIRECT("Data!C"&$K$4,FALSE),MATCH(I16,Data!$A:$A,0)),$W$17),$W$16,IFERROR(INDEX(INDIRECT("Data!C"&$K$4,FALSE),MATCH(I16,Data!$A:$A,0)),$W$17)),"-") -> 54 | S16: =AVERAGE(K16:Q16) -> 117 | T16: =IF(COUNTIF(K16:Q16,"<>-")>0,AVERAGE(K16:Q16),"-") -> 117 | V16: Value for Blank Data: | W16: 0
