Workbook
Name Opportunities: OFFSET(Opportunities!$I$6,0,0,Opportunities!$I$5,1)
Name Opportunities2: OFFSET(Opportunities!$J$6,0,0,Opportunities!$J$5,1)
Name Opportunities3: OFFSET(Opportunities!$K$6,0,0,Opportunities!$K$5,1)
Name Strengths: OFFSET(Strengths!$I$6,0,0,Strengths!$I$5,1)
Name Strengths2: OFFSET(Strengths!$J$6,0,0,Strengths!$J$5,1)
Name Strengths3: OFFSET(Strengths!$K$6,0,0,Strengths!$K$5,1)
Name Threats: OFFSET(Threats!$I$6,0,0,Threats!$I$5,1)
Name Threats2: OFFSET(Threats!$J$6,0,0,Threats!$J$5,1)
Name Threats3: OFFSET(Threats!$K$6,0,0,Threats!$K$5,1)
Name Weaknesses: OFFSET(Weaknesses!$I$6,0,0,Weaknesses!$I$5,1)
Name Weaknesses2: OFFSET(Weaknesses!$J$6,0,0,Weaknesses!$J$5,1)
Name Weaknesses3: OFFSET(Weaknesses!$K$6,0,0,Weaknesses!$K$5,1)

Sheet Dashboard
B2: SWOT ANALYSIS

Sheet Strengths
B2: STRENGTHS ANALYSIS
D3: TRUE | E3: TRUE | F3: TRUE
B4: No | C4: Strengths Item | P4: Catatan
D5: YC | E5: C1 | F5: C2 | H5: Strengths | I5: =IF(COUNT(I6:I20)=0,1,COUNT(I6:I20)) -> 7 | J5: =IF(COUNT(J6:J20)=0,1,COUNT(J6:J20)) -> 7 | K5: =IF(COUNT(K6:K20)=0,1,COUNT(K6:K20)) -> 7 | P5: YC | Q5: Goth Company Inc
B6: 1 | C6: Brand Representative | D6: 2 | E6: 1 | F6: 1 | H6: =IF(C6<>"",C6,"") -> Brand Representative | I6: =IF(D$3=TRUE,IF($C6<>"",D6,""),NA()) -> 2 | J6: =IF(E$3=TRUE,IF($C6<>"",E6,""),NA()) -> 1 | K6: =IF(F$3=TRUE,IF($C6<>"",F6,""),NA()) -> 1 | P6: C1 | Q6: Metr Company Inc
B7: 2 | C7: Mature Company | D7: 1 | E7: 2 | F7: 2 | H7: =IF(C7<>"",C7,"") -> Mature Company | I7: =IF(D$3=TRUE,IF($C7<>"",D7,""),"") -> 1 | J7: =IF(E$3=TRUE,IF($C7<>"",E7,""),"") -> 2 | K7: =IF(F$3=TRUE,IF($C7<>"",F7,""),"") -> 2 | P7: C2 | Q7: Acm Company Inc
B8: 3 | C8: Experience | D8: 3 | E8: 3 | F8: 1 | H8: =IF(C8<>"",C8,"") -> Experience | I8: =IF(D$3=TRUE,IF($C8<>"",D8,""),"") -> 3 | J8: =IF(E$3=TRUE,IF($C8<>"",E8,""),"") -> 3 | K8: =IF(F$3=TRUE,IF($C8<>"",F8,""),"") -> 1
B9: 4 | C9: Good Price | D9: 1 | E9: 2 | F9: 1 | H9: =IF(C9<>"",C9,"") -> Good Price | I9: =IF(D$3=TRUE,IF($C9<>"",D9,""),"") -> 1 | J9: =IF(E$3=TRUE,IF($C9<>"",E9,""),"") -> 2 | K9: =IF(F$3=TRUE,IF($C9<>"",F9,""),"") -> 1 | P9: Poin
B10: 5 | C10: Good Service | D10: 1 | E10: 3 | F10: 1 | H10: =IF(C10<>"",C10,"") -> Good Service | I10: =IF(D$3=TRUE,IF($C10<>"",D10,""),"") -> 1 | J10: =IF(E$3=TRUE,IF($C10<>"",E10,""),"") -> 3 | K10: =IF(F$3=TRUE,IF($C10<>"",F10,""),"") -> 1 | P10: 1 | Q10: Worst
B11: 6 | C11: Expertise | D11: 1 | E11: 4 | F11: 2 | H11: =IF(C11<>"",C11,"") -> Expertise | I11: =IF(D$3=TRUE,IF($C11<>"",D11,""),"") -> 1 | J11: =IF(E$3=TRUE,IF($C11<>"",E11,""),"") -> 4 | K11: =IF(F$3=TRUE,IF($C11<>"",F11,""),"") -> 2 | P11: 2 | Q11: Standard
B12: 7 | C12: Financial Situation | D12: 1 | E12: 3 | F12: 3 | H12: =IF(C12<>"",C12,"") -> Financial Situation | I12: =IF(D$3=TRUE,IF($C12<>"",D12,""),"") -> 1 | J12: =IF(E$3=TRUE,IF($C12<>"",E12,""),"") -> 3 | K12: =IF(F$3=TRUE,IF($C12<>"",F12,""),"") -> 3 | P12: 3 | Q12: Best
B13: 8 | H13: =IF(C13<>"",C13,"") | I13: =IF(D$3=TRUE,IF($C13<>"",D13,""),"") | J13: =IF(E$3=TRUE,IF($C13<>"",E13,""),"") | K13: =IF(F$3=TRUE,IF($C13<>"",F13,""),"")
B14: 9 | H14: =IF(C14<>"",C14,"") | I14: =IF(D$3=TRUE,IF($C14<>"",D14,""),"") | J14: =IF(E$3=TRUE,IF($C14<>"",E14,""),"") | K14: =IF(F$3=TRUE,IF($C14<>"",F14,""),"")
B15: 10 | H15: =IF(C15<>"",C15,"") | I15: =IF(D$3=TRUE,IF($C15<>"",D15,""),"") | J15: =IF(E$3=TRUE,IF($C15<>"",E15,""),"") | K15: =IF(F$3=TRUE,IF($C15<>"",F15,""),"")
B16: 11 | H16: =IF(C16<>"",C16,"") | I16: =IF(D$3=TRUE,IF($C16<>"",D16,""),"") | J16: =IF(E$3=TRUE,IF($C16<>"",E16,""),"") | K16: =IF(F$3=TRUE,IF($C16<>"",F16,""),"")
B17: 12 | H17: =IF(C17<>"",C17,"") | I17: =IF(D$3=TRUE,IF($C17<>"",D17,""),"") | J17: =IF(E$3=TRUE,IF($C17<>"",E17,""),"") | K17: =IF(F$3=TRUE,IF($C17<>"",F17,""),"")
B18: 13 | H18: =IF(C18<>"",C18,"") | I18: =IF(D$3=TRUE,IF($C18<>"",D18,""),"") | J18: =IF(E$3=TRUE,IF($C18<>"",E18,""),"") | K18: =IF(F$3=TRUE,IF($C18<>"",F18,""),"")
B19: 14 | H19: =IF(C19<>"",C19,"") | I19: =IF(D$3=TRUE,IF($C19<>"",D19,""),"") | J19: =IF(E$3=TRUE,IF($C19<>"",E19,""),"") | K19: =IF(F$3=TRUE,IF($C19<>"",F19,""),"")
B20: 15 | H20: =IF(C20<>"",C20,"") | I20: =IF(D$3=TRUE,IF($C20<>"",D20,""),"") | J20: =IF(E$3=TRUE,IF($C20<>"",E20,""),"") | K20: =IF(F$3=TRUE,IF($C20<>"",F20,""),"")

Sheet Weaknesses
B2: WEAKNESSES ANALYSIS
D3: TRUE | E3: TRUE | F3: TRUE
B4: No | C4: Weaknesses Item | P4: Catatan :
D5: YC | E5: C1 | F5: C2 | H5: Weaknesses | I5: =IF(COUNT(I6:I20)=0,1,COUNT(I6:I20)) -> 5 | J5: =IF(COUNT(J6:J20)=0,1,COUNT(J6:J20)) -> 5 | K5: =IF(COUNT(K6:K20)=0,1,COUNT(K6:K20)) -> 5 | P5: YC | Q5: =Strengths!Q5 -> Goth Company Inc
B6: 1 | C6: Reputation | D6: 2 | E6: 1 | F6: 1 | H6: =IF(C6<>"",C6,"") -> Reputation | I6: =IF(D$3=TRUE,IF($C6<>"",D6,""),NA()) -> 2 | J6: =IF(E$3=TRUE,IF($C6<>"",E6,""),NA()) -> 1 | K6: =IF(F$3=TRUE,IF($C6<>"",F6,""),NA()) -> 1 | P6: C1 | Q6: =Strengths!Q6 -> Metr Company Inc
B7: 2 | C7: Organization | D7: 1 | E7: 2 | F7: 2 | H7: =IF(C7<>"",C7,"") -> Organization | I7: =IF(D$3=TRUE,IF($C7<>"",D7,""),"") -> 1 | J7: =IF(E$3=TRUE,IF($C7<>"",E7,""),"") -> 2 | K7: =IF(F$3=TRUE,IF($C7<>"",F7,""),"") -> 2 | P7: C2 | Q7: =Strengths!Q7 -> Acm Company Inc
B8: 3 | C8: Poor Knowledge | D8: 3 | E8: 3 | F8: 1 | H8: =IF(C8<>"",C8,"") -> Poor Knowledge | I8: =IF(D$3=TRUE,IF($C8<>"",D8,""),"") -> 3 | J8: =IF(E$3=TRUE,IF($C8<>"",E8,""),"") -> 3 | K8: =IF(F$3=TRUE,IF($C8<>"",F8,""),"") -> 1
B9: 4 | C9: Financial Situation | D9: 1 | E9: 2 | F9: 1 | H9: =IF(C9<>"",C9,"") -> Financial Situation | I9: =IF(D$3=TRUE,IF($C9<>"",D9,""),"") -> 1 | J9: =IF(E$3=TRUE,IF($C9<>"",E9,""),"") -> 2 | K9: =IF(F$3=TRUE,IF($C9<>"",F9,""),"") -> 1 | P9: Poin
B10: 5 | C10: Experience | D10: 1 | E10: 3 | F10: 1 | H10: =IF(C10<>"",C10,"") -> Experience | I10: =IF(D$3=TRUE,IF($C10<>"",D10,""),"") -> 1 | J10: =IF(E$3=TRUE,IF($C10<>"",E10,""),"") -> 3 | K10: =IF(F$3=TRUE,IF($C10<>"",F10,""),"") -> 1 | P10: 1 | Q10: =Strengths!Q10 -> Worst
B11: 6 | H11: =IF(C11<>"",C11,"") | I11: =IF(D$3=TRUE,IF($C11<>"",D11,""),"") | J11: =IF(E$3=TRUE,IF($C11<>"",E11,""),"") | K11: =IF(F$3=TRUE,IF($C11<>"",F11,""),"") | P11: 2 | Q11: =Strengths!Q11 -> Standard
B12: 7 | H12: =IF(C12<>"",C12,"") | I12: =IF(D$3=TRUE,IF($C12<>"",D12,""),"") | J12: =IF(E$3=TRUE,IF($C12<>"",E12,""),"") | K12: =IF(F$3=TRUE,IF($C12<>"",F12,""),"") | P12: 3 | Q12: =Strengths!Q12 -> Best
B13: 8 | H13: =IF(C13<>"",C13,"") | I13: =IF(D$3=TRUE,IF($C13<>"",D13,""),"") | J13: =IF(E$3=TRUE,IF($C13<>"",E13,""),"") | K13: =IF(F$3=TRUE,IF($C13<>"",F13,""),"")
B14: 9 | H14: =IF(C14<>"",C14,"") | I14: =IF(D$3=TRUE,IF($C14<>"",D14,""),"") | J14: =IF(E$3=TRUE,IF($C14<>"",E14,""),"") | K14: =IF(F$3=TRUE,IF($C14<>"",F14,""),"")
B15: 10 | H15: =IF(C15<>"",C15,"") | I15: =IF(D$3=TRUE,IF($C15<>"",D15,""),"") | J15: =IF(E$3=TRUE,IF($C15<>"",E15,""),"") | K15: =IF(F$3=TRUE,IF($C15<>"",F15,""),"")
B16: 11 | H16: =IF(C16<>"",C16,"") | I16: =IF(D$3=TRUE,IF($C16<>"",D16,""),"") | J16: =IF(E$3=TRUE,IF($C16<>"",E16,""),"") | K16: =IF(F$3=TRUE,IF($C16<>"",F16,""),"")
B17: 12 | H17: =IF(C17<>"",C17,"") | I17: =IF(D$3=TRUE,IF($C17<>"",D17,""),"") | J17: =IF(E$3=TRUE,IF($C17<>"",E17,""),"") | K17: =IF(F$3=TRUE,IF($C17<>"",F17,""),"")
B18: 13 | H18: =IF(C18<>"",C18,"") | I18: =IF(D$3=TRUE,IF($C18<>"",D18,""),"") | J18: =IF(E$3=TRUE,IF($C18<>"",E18,""),"") | K18: =IF(F$3=TRUE,IF($C18<>"",F18,""),"")
B19: 14 | H19: =IF(C19<>"",C19,"") | I19: =IF(D$3=TRUE,IF($C19<>"",D19,""),"") | J19: =IF(E$3=TRUE,IF($C19<>"",E19,""),"") | K19: =IF(F$3=TRUE,IF($C19<>"",F19,""),"")
B20: 15 | H20: =IF(C20<>"",C20,"") | I20: =IF(D$3=TRUE,IF($C20<>"",D20,""),"") | J20: =IF(E$3=TRUE,IF($C20<>"",E20,""),"") | K20: =IF(F$3=TRUE,IF($C20<>"",F20,""),"")

Sheet Opportunities
B2: OPPORTUNITIES ANALYSIS
D3: TRUE | E3: TRUE | F3: TRUE
B4: No | C4: Opportunities Item | P4: Catatan :
D5: YC | E5: C1 | F5: C2 | H5: Opportunities | I5: =IF(COUNT(I6:I20)=0,1,COUNT(I6:I20)) -> 7 | J5: =IF(COUNT(J6:J20)=0,1,COUNT(J6:J20)) -> 7 | K5: =IF(COUNT(K6:K20)=0,1,COUNT(K6:K20)) -> 7 | P5: YC | Q5: =Strengths!Q5 -> Goth Company Inc
B6: 1 | C6: Trends | D6: 2 | E6: 1 | F6: 1 | H6: =IF(C6<>"",C6,"") -> Trends | I6: =IF(D$3=TRUE,IF($C6<>"",D6,""),NA()) -> 2 | J6: =IF(E$3=TRUE,IF($C6<>"",E6,""),NA()) -> 1 | K6: =IF(F$3=TRUE,IF($C6<>"",F6,""),NA()) -> 1 | P6: C1 | Q6: =Strengths!Q6 -> Metr Company Inc
B7: 2 | C7: Niche Market | D7: 1 | E7: 2 | F7: 2 | H7: =IF(C7<>"",C7,"") -> Niche Market | I7: =IF(D$3=TRUE,IF($C7<>"",D7,""),"") -> 1 | J7: =IF(E$3=TRUE,IF($C7<>"",E7,""),"") -> 2 | K7: =IF(F$3=TRUE,IF($C7<>"",F7,""),"") -> 2 | P7: C2 | Q7: =Strengths!Q7 -> Acm Company Inc
B8: 3 | C8: New Technologies | D8: 3 | E8: 3 | F8: 1 | H8: =IF(C8<>"",C8,"") -> New Technologies | I8: =IF(D$3=TRUE,IF($C8<>"",D8,""),"") -> 3 | J8: =IF(E$3=TRUE,IF($C8<>"",E8,""),"") -> 3 | K8: =IF(F$3=TRUE,IF($C8<>"",F8,""),"") -> 1
B9: 4 | C9: Exclusive Distributor | D9: 1 | E9: 2 | F9: 1 | H9: =IF(C9<>"",C9,"") -> Exclusive Distributor | I9: =IF(D$3=TRUE,IF($C9<>"",D9,""),"") -> 1 | J9: =IF(E$3=TRUE,IF($C9<>"",E9,""),"") -> 2 | K9: =IF(F$3=TRUE,IF($C9<>"",F9,""),"") -> 1 | P9: Poin
B10: 5 | C10: Brand Representative | D10: 1 | E10: 3 | F10: 1 | H10: =IF(C10<>"",C10,"") -> Brand Representative | I10: =IF(D$3=TRUE,IF($C10<>"",D10,""),"") -> 1 | J10: =IF(E$3=TRUE,IF($C10<>"",E10,""),"") -> 3 | K10: =IF(F$3=TRUE,IF($C10<>"",F10,""),"") -> 1 | P10: 1 | Q10: =Strengths!Q10 -> Worst
B11: 6 | C11: Good Profit | D11: 1 | E11: 1 | F11: 2 | H11: =IF(C11<>"",C11,"") -> Good Profit | I11: =IF(D$3=TRUE,IF($C11<>"",D11,""),"") -> 1 | J11: =IF(E$3=TRUE,IF($C11<>"",E11,""),"") -> 1 | K11: =IF(F$3=TRUE,IF($C11<>"",F11,""),"") -> 2 | P11: 2 | Q11: =Strengths!Q11 -> Standard
B12: 7 | C12: Exclusive Contract/Project | D12: 1 | E12: 2 | F12: 3 | H12: =IF(C12<>"",C12,"") -> Exclusive Contract/Project | I12: =IF(D$3=TRUE,IF($C12<>"",D12,""),"") -> 1 | J12: =IF(E$3=TRUE,IF($C12<>"",E12,""),"") -> 2 | K12: =IF(F$3=TRUE,IF($C12<>"",F12,""),"") -> 3 | P12: 3 | Q12: =Strengths!Q12 -> Best
B13: 8 | H13: =IF(C13<>"",C13,"") | I13: =IF(D$3=TRUE,IF($C13<>"",D13,""),"") | J13: =IF(E$3=TRUE,IF($C13<>"",E13,""),"") | K13: =IF(F$3=TRUE,IF($C13<>"",F13,""),"")
B14: 9 | H14: =IF(C14<>"",C14,"") | I14: =IF(D$3=TRUE,IF($C14<>"",D14,""),"") | J14: =IF(E$3=TRUE,IF($C14<>"",E14,""),"") | K14: =IF(F$3=TRUE,IF($C14<>"",F14,""),"")
B15: 10 | H15: =IF(C15<>"",C15,"") | I15: =IF(D$3=TRUE,IF($C15<>"",D15,""),"") | J15: =IF(E$3=TRUE,IF($C15<>"",E15,""),"") | K15: =IF(F$3=TRUE,IF($C15<>"",F15,""),"")
B16: 11 | H16: =IF(C16<>"",C16,"") | I16: =IF(D$3=TRUE,IF($C16<>"",D16,""),"") | J16: =IF(E$3=TRUE,IF($C16<>"",E16,""),"") | K16: =IF(F$3=TRUE,IF($C16<>"",F16,""),"")
B17: 12 | H17: =IF(C17<>"",C17,"") | I17: =IF(D$3=TRUE,IF($C17<>"",D17,""),"") | J17: =IF(E$3=TRUE,IF($C17<>"",E17,""),"") | K17: =IF(F$3=TRUE,IF($C17<>"",F17,""),"")
B18: 13 | H18: =IF(C18<>"",C18,"") | I18: =IF(D$3=TRUE,IF($C18<>"",D18,""),"") | J18: =IF(E$3=TRUE,IF($C18<>"",E18,""),"") | K18: =IF(F$3=TRUE,IF($C18<>"",F18,""),"")
B19: 14 | H19: =IF(C19<>"",C19,"") | I19: =IF(D$3=TRUE,IF($C19<>"",D19,""),"") | J19: =IF(E$3=TRUE,IF($C19<>"",E19,""),"") | K19: =IF(F$3=TRUE,IF($C19<>"",F19,""),"")
B20: 15 | H20: =IF(C20<>"",C20,"") | I20: =IF(D$3=TRUE,IF($C20<>"",D20,""),"") | J20: =IF(E$3=TRUE,IF($C20<>"",E20,""),"") | K20: =IF(F$3=TRUE,IF($C20<>"",F20,""),"")

Sheet Threats
B2: THREATS ANALYSIS
D3: TRUE | E3: TRUE | F3: TRUE
B4: No | C4: Threats Item | P4: Catatan:
D5: YC | E5: C1 | F5: C2 | H5: Threats | I5: =IF(COUNT(I6:I20)=0,1,COUNT(I6:I20)) -> 11 | J5: =IF(COUNT(J6:J20)=0,1,COUNT(J6:J20)) -> 11 | K5: =IF(COUNT(K6:K20)=0,1,COUNT(K6:K20)) -> 11 | P5: YC | Q5: =Strengths!Q5 -> Goth Company Inc
B6: 1 | C6: Political Effect | D6: 2 | E6: 1 | F6: 1 | H6: =IF(C6<>"",C6,"") -> Political Effect | I6: =IF(D$3=TRUE,IF($C6<>"",D6,""),NA()) -> 2 | J6: =IF(E$3=TRUE,IF($C6<>"",E6,""),NA()) -> 1 | K6: =IF(F$3=TRUE,IF($C6<>"",F6,""),NA()) -> 1 | P6: C1 | Q6: =Strengths!Q6 -> Metr Company Inc
B7: 2 | C7: Competitors | D7: 1 | E7: 2 | F7: 2 | H7: =IF(C7<>"",C7,"") -> Competitors | I7: =IF(D$3=TRUE,IF($C7<>"",D7,""),"") -> 1 | J7: =IF(E$3=TRUE,IF($C7<>"",E7,""),"") -> 2 | K7: =IF(F$3=TRUE,IF($C7<>"",F7,""),"") -> 2 | P7: C2 | Q7: =Strengths!Q7 -> Acm Company Inc
B8: 3 | C8: Market Demand | D8: 3 | E8: 3 | F8: 1 | H8: =IF(C8<>"",C8,"") -> Market Demand | I8: =IF(D$3=TRUE,IF($C8<>"",D8,""),"") -> 3 | J8: =IF(E$3=TRUE,IF($C8<>"",E8,""),"") -> 3 | K8: =IF(F$3=TRUE,IF($C8<>"",F8,""),"") -> 1
B9: 4 | C9: Economic Situation | D9: 1 | E9: 2 | F9: 1 | H9: =IF(C9<>"",C9,"") -> Economic Situation | I9: =IF(D$3=TRUE,IF($C9<>"",D9,""),"") -> 1 | J9: =IF(E$3=TRUE,IF($C9<>"",E9,""),"") -> 2 | K9: =IF(F$3=TRUE,IF($C9<>"",F9,""),"") -> 1 | P9: Poin
B10: 5 | C10: Government Regulation | D10: 1 | E10: 3 | F10: 1 | H10: =IF(C10<>"",C10,"") -> Government Regulation | I10: =IF(D$3=TRUE,IF($C10<>"",D10,""),"") -> 1 | J10: =IF(E$3=TRUE,IF($C10<>"",E10,""),"") -> 3 | K10: =IF(F$3=TRUE,IF($C10<>"",F10,""),"") -> 1 | P10: 1 | Q10: =Strengths!Q10 -> Worst
B11: 6 | C11: Loyal Employees | D11: 1 | E11: 3 | F11: 2 | H11: =IF(C11<>"",C11,"") -> Loyal Employees | I11: =IF(D$3=TRUE,IF($C11<>"",D11,""),"") -> 1 | J11: =IF(E$3=TRUE,IF($C11<>"",E11,""),"") -> 3 | K11: =IF(F$3=TRUE,IF($C11<>"",F11,""),"") -> 2 | P11: 2 | Q11: =Strengths!Q11 -> Standard
B12: 7 | C12: Financial Situation | D12: 1 | E12: 2 | F12: 3 | H12: =IF(C12<>"",C12,"") -> Financial Situation | I12: =IF(D$3=TRUE,IF($C12<>"",D12,""),"") -> 1 | J12: =IF(E$3=TRUE,IF($C12<>"",E12,""),"") -> 2 | K12: =IF(F$3=TRUE,IF($C12<>"",F12,""),"") -> 3 | P12: 3 | Q12: =Strengths!Q12 -> Best
B13: 8 | C13: Organization | D13: 3 | E13: 1 | F13: 1 | H13: =IF(C13<>"",C13,"") -> Organization | I13: =IF(D$3=TRUE,IF($C13<>"",D13,""),"") -> 3 | J13: =IF(E$3=TRUE,IF($C13<>"",E13,""),"") -> 1 | K13: =IF(F$3=TRUE,IF($C13<>"",F13,""),"") -> 1
B14: 9 | C14: Obstacles | D14: 3 | E14: 1 | F14: 2 | H14: =IF(C14<>"",C14,"") -> Obstacles | I14: =IF(D$3=TRUE,IF($C14<>"",D14,""),"") -> 3 | J14: =IF(E$3=TRUE,IF($C14<>"",E14,""),"") -> 1 | K14: =IF(F$3=TRUE,IF($C14<>"",F14,""),"") -> 2
B15: 10 | C15: New Technologies | D15: 3 | E15: 2 | F15: 3 | H15: =IF(C15<>"",C15,"") -> New Technologies | I15: =IF(D$3=TRUE,IF($C15<>"",D15,""),"") -> 3 | J15: =IF(E$3=TRUE,IF($C15<>"",E15,""),"") -> 2 | K15: =IF(F$3=TRUE,IF($C15<>"",F15,""),"") -> 3
B16: 11 | C16: Product Lifecycle | D16: 3 | E16: 2 | F16: 1 | H16: =IF(C16<>"",C16,"") -> Product Lifecycle | I16: =IF(D$3=TRUE,IF($C16<>"",D16,""),"") -> 3 | J16: =IF(E$3=TRUE,IF($C16<>"",E16,""),"") -> 2 | K16: =IF(F$3=TRUE,IF($C16<>"",F16,""),"") -> 1
B17: 12 | H17: =IF(C17<>"",C17,"") | I17: =IF(D$3=TRUE,IF($C17<>"",D17,""),"") | J17: =IF(E$3=TRUE,IF($C17<>"",E17,""),"") | K17: =IF(F$3=TRUE,IF($C17<>"",F17,""),"")
B18: 13 | H18: =IF(C18<>"",C18,"") | I18: =IF(D$3=TRUE,IF($C18<>"",D18,""),"") | J18: =IF(E$3=TRUE,IF($C18<>"",E18,""),"") | K18: =IF(F$3=TRUE,IF($C18<>"",F18,""),"")
B19: 14 | H19: =IF(C19<>"",C19,"") | I19: =IF(D$3=TRUE,IF($C19<>"",D19,""),"") | J19: =IF(E$3=TRUE,IF($C19<>"",E19,""),"") | K19: =IF(F$3=TRUE,IF($C19<>"",F19,""),"")
B20: 15 | H20: =IF(C20<>"",C20,"") | I20: =IF(D$3=TRUE,IF($C20<>"",D20,""),"") | J20: =IF(E$3=TRUE,IF($C20<>"",E20,""),"") | K20: =IF(F$3=TRUE,IF($C20<>"",F20,""),"")
