Workbook
Name Customers: ContactDetails!$A$5:$A$28
Name lead_source: Pengaturan!$C$2:$C$16
Name lead_status: Pengaturan!$A$2:$A$16
Name team_names: Team!$A$6:$A$22

Sheet CRM
A1: CRM TEMPLATE
A2: [Nama Perusahaan atau Nama Tim]
A4: Nama | B4: Perusahaan | C4: Jabatan | D4: Telepon | E4: Email | F4: Estimasi Penjualan | G4: Kontak Terakhir | H4: Langkah Selanjutnya | I4: Kontak Selanjutnya | J4: Status Lead | K4: Sumber Lead | L4: Pemilik | M4: Catatan
A5: Jameson, Bill | B5: =IFERROR(VLOOKUP($A5,ContactDetails!$A$4:$K$28,2,FALSE),"-") -> XYZ Plumbing | C5: =IFERROR(VLOOKUP($A5,ContactDetails!$A$4:$K$28,3,FALSE),"-") -> Owner | D5: =IFERROR(VLOOKUP($A5,ContactDetails!$A$4:$K$28,4,FALSE),"-") -> 444-555-6666 | E5: =IFERROR(HYPERLINK("mailto:"&VLOOKUP($A5,ContactDetails!$A$4:$K$28,5,FALSE),VLOOKUP($A5,ContactDetails!$A$4:$K$28,5,FALSE))," ") -> xyz@plumber.com | F5: 45000 | G5: 43961 | I5: 43980 | J5: ❄ Cold | K5: Referral | L5: Sam
A6: Anderson, Jane | B6: =IFERROR(VLOOKUP(A6,ContactDetails!$A$4:$K$28,2,FALSE),"-") -> ABC Corp | C6: =IFERROR(VLOOKUP($A6,ContactDetails!$A$4:$K$28,3,FALSE),"-") -> Sales Manager | D6: =IFERROR(VLOOKUP($A6,ContactDetails!$A$4:$K$28,4,FALSE),"-") -> 222-656-7890 | E6: =IFERROR(HYPERLINK("mailto:"&VLOOKUP($A6,ContactDetails!$A$4:$K$28,5,FALSE),VLOOKUP($A6,ContactDetails!$A$4:$K$28,5,FALSE)),"-") -> busl@abccorp.com | F6: 10000 | G6: 43976 | I6: 43987 | J6: ♨ Warm | K6: Website | L6: Tim
A7: Smithers, Joe | B7: =IFERROR(VLOOKUP(A7,ContactDetails!$A$4:$K$28,2,FALSE),"-") -> ACME | C7: =IFERROR(VLOOKUP($A7,ContactDetails!$A$4:$K$28,3,FALSE),"-") -> Business Dev. | D7: =IFERROR(VLOOKUP($A7,ContactDetails!$A$4:$K$28,4,FALSE),"-") -> 111-234-5678 | E7: =IFERROR(HYPERLINK("mailto:"&VLOOKUP($A7,ContactDetails!$A$4:$K$28,5,FALSE),VLOOKUP($A7,ContactDetails!$A$4:$K$28,5,FALSE)),"-") -> acme@acme.com | F7: 4500 | G7: 43978 | I7: 43997 | J7: 🔥 Hot | K7: Email | L7: Sally | M7: Loves chocolate
B8: =IFERROR(VLOOKUP(A8,ContactDetails!$A$4:$K$28,2,FALSE),"-") -> - | C8: =IFERROR(VLOOKUP($A8,ContactDetails!$A$4:$K$28,3,FALSE),"-") -> - | D8: =IFERROR(VLOOKUP($A8,ContactDetails!$A$4:$K$28,4,FALSE),"-") -> - | E8: =IFERROR(HYPERLINK("mailto:"&VLOOKUP($A8,ContactDetails!$A$4:$K$28,5,FALSE),VLOOKUP($A8,ContactDetails!$A$4:$K$28,5,FALSE)),"-") -> -
B9: =IFERROR(VLOOKUP(A9,ContactDetails!$A$4:$K$28,2,FALSE),"-") -> - | C9: =IFERROR(VLOOKUP($A9,ContactDetails!$A$4:$K$28,3,FALSE),"-") -> - | D9: =IFERROR(VLOOKUP($A9,ContactDetails!$A$4:$K$28,4,FALSE),"-") -> - | E9: =IFERROR(HYPERLINK("mailto:"&VLOOKUP($A9,ContactDetails!$A$4:$K$28,5,FALSE),VLOOKUP($A9,ContactDetails!$A$4:$K$28,5,FALSE)),"-") -> -
B10: =IFERROR(VLOOKUP(A10,ContactDetails!$A$4:$K$28,2,FALSE),"-") -> - | C10: =IFERROR(VLOOKUP($A10,ContactDetails!$A$4:$K$28,3,FALSE),"-") -> - | D10: =IFERROR(VLOOKUP($A10,ContactDetails!$A$4:$K$28,4,FALSE),"-") -> - | E10: =IFERROR(HYPERLINK("mailto:"&VLOOKUP($A10,ContactDetails!$A$4:$K$28,5,FALSE),VLOOKUP($A10,ContactDetails!$A$4:$K$28,5,FALSE)),"-") -> -
B11: =IFERROR(VLOOKUP(A11,ContactDetails!$A$4:$K$28,2,FALSE),"-") -> - | C11: =IFERROR(VLOOKUP($A11,ContactDetails!$A$4:$K$28,3,FALSE),"-") -> - | D11: =IFERROR(VLOOKUP($A11,ContactDetails!$A$4:$K$28,4,FALSE),"-") -> - | E11: =IFERROR(HYPERLINK("mailto:"&VLOOKUP($A11,ContactDetails!$A$4:$K$28,5,FALSE),VLOOKUP($A11,ContactDetails!$A$4:$K$28,5,FALSE)),"-") -> -
B12: =IFERROR(VLOOKUP(A12,ContactDetails!$A$4:$K$28,2,FALSE),"-") -> - | C12: =IFERROR(VLOOKUP($A12,ContactDetails!$A$4:$K$28,3,FALSE),"-") -> - | D12: =IFERROR(VLOOKUP($A12,ContactDetails!$A$4:$K$28,4,FALSE),"-") -> - | E12: =IFERROR(HYPERLINK("mailto:"&VLOOKUP($A12,ContactDetails!$A$4:$K$28,5,FALSE),VLOOKUP($A12,ContactDetails!$A$4:$K$28,5,FALSE)),"-") -> -
B13: =IFERROR(VLOOKUP(A13,ContactDetails!$A$4:$K$28,2,FALSE),"-") -> - | C13: =IFERROR(VLOOKUP($A13,ContactDetails!$A$4:$K$28,3,FALSE),"-") -> - | D13: =IFERROR(VLOOKUP($A13,ContactDetails!$A$4:$K$28,4,FALSE),"-") -> - | E13: =IFERROR(HYPERLINK("mailto:"&VLOOKUP($A13,ContactDetails!$A$4:$K$28,5,FALSE),VLOOKUP($A13,ContactDetails!$A$4:$K$28,5,FALSE)),"-") -> -
B14: =IFERROR(VLOOKUP(A14,ContactDetails!$A$4:$K$28,2,FALSE),"-") -> - | C14: =IFERROR(VLOOKUP($A14,ContactDetails!$A$4:$K$28,3,FALSE),"-") -> - | D14: =IFERROR(VLOOKUP($A14,ContactDetails!$A$4:$K$28,4,FALSE),"-") -> - | E14: =IFERROR(HYPERLINK("mailto:"&VLOOKUP($A14,ContactDetails!$A$4:$K$28,5,FALSE),VLOOKUP($A14,ContactDetails!$A$4:$K$28,5,FALSE)),"-") -> -
B15: =IFERROR(VLOOKUP(A15,ContactDetails!$A$4:$K$28,2,FALSE),"-") -> - | C15: =IFERROR(VLOOKUP($A15,ContactDetails!$A$4:$K$28,3,FALSE),"-") -> - | D15: =IFERROR(VLOOKUP($A15,ContactDetails!$A$4:$K$28,4,FALSE),"-") -> - | E15: =IFERROR(HYPERLINK("mailto:"&VLOOKUP($A15,ContactDetails!$A$4:$K$28,5,FALSE),VLOOKUP($A15,ContactDetails!$A$4:$K$28,5,FALSE)),"-") -> -
B16: =IFERROR(VLOOKUP(A16,ContactDetails!$A$4:$K$28,2,FALSE),"-") -> - | C16: =IFERROR(VLOOKUP($A16,ContactDetails!$A$4:$K$28,3,FALSE),"-") -> - | D16: =IFERROR(VLOOKUP($A16,ContactDetails!$A$4:$K$28,4,FALSE),"-") -> - | E16: =IFERROR(HYPERLINK("mailto:"&VLOOKUP($A16,ContactDetails!$A$4:$K$28,5,FALSE),VLOOKUP($A16,ContactDetails!$A$4:$K$28,5,FALSE)),"-") -> -
B17: =IFERROR(VLOOKUP(A17,ContactDetails!$A$4:$K$28,2,FALSE),"-") -> - | C17: =IFERROR(VLOOKUP($A17,ContactDetails!$A$4:$K$28,3,FALSE),"-") -> - | D17: =IFERROR(VLOOKUP($A17,ContactDetails!$A$4:$K$28,4,FALSE),"-") -> - | E17: =IFERROR(HYPERLINK("mailto:"&VLOOKUP($A17,ContactDetails!$A$4:$K$28,5,FALSE),VLOOKUP($A17,ContactDetails!$A$4:$K$28,5,FALSE)),"-") -> -
B18: =IFERROR(VLOOKUP(A18,ContactDetails!$A$4:$K$28,2,FALSE),"-") -> - | C18: =IFERROR(VLOOKUP($A18,ContactDetails!$A$4:$K$28,3,FALSE),"-") -> - | D18: =IFERROR(VLOOKUP($A18,ContactDetails!$A$4:$K$28,4,FALSE),"-") -> - | E18: =IFERROR(HYPERLINK("mailto:"&VLOOKUP($A18,ContactDetails!$A$4:$K$28,5,FALSE),VLOOKUP($A18,ContactDetails!$A$4:$K$28,5,FALSE)),"-") -> -
B19: =IFERROR(VLOOKUP(A19,ContactDetails!$A$4:$K$28,2,FALSE),"-") -> - | C19: =IFERROR(VLOOKUP($A19,ContactDetails!$A$4:$K$28,3,FALSE),"-") -> - | D19: =IFERROR(VLOOKUP($A19,ContactDetails!$A$4:$K$28,4,FALSE),"-") -> - | E19: =IFERROR(HYPERLINK("mailto:"&VLOOKUP($A19,ContactDetails!$A$4:$K$28,5,FALSE),VLOOKUP($A19,ContactDetails!$A$4:$K$28,5,FALSE)),"-") -> -
A21: Sisipkan baris baru di atas garis abu-abu | M21: [42]
A23: Jangan ragu untuk menyembunyikan baris ini jika Anda tidak ingin menyesuaikan pemformatan bersyarat di tabel CRM
A24: Hari Sejak Kontak Terakhir (<=) | D24: Hari Hingga Tindakan Selanjutnya (>=)
A25: 2 | D25: 10
A26: 5 | D26: 5
A27: ="> "&A26 -> > 5 | D27: ="< "&D26 -> < 5

Sheet ContactLog
A1: CONTACT LOG
A2: [Nama Perusahaan atau Nama Tim]
A4: Tanggal Kontak | B4: Pelanggan | C4: Tujuan | D4: Metode | E4: Anggota Tim | F4: Catatan
A5: 43969 | B5: Smithers, Joe | D5: Phone | E5: Sam | F5: Ini adalah contoh catatan yang membungkus baris kedua. Untuk catatan yang sangat panjang, Anda dapat menggunakan komentar sel.
A6: 43969 | B6: Anderson, Jane | D6: Email | E6: Sally
A29: Sisipkan baris baru di atas garis abu-abu | F29: [42]

Sheet SalesLog
A1: SALES LOG
A2: [Nama Perusahaan atau Nama Tim]
G3: ← Sisipkan Kolom Salinan ke Kiri
A4: Tanggal Penjualan | B4: Pelanggan | C4: Jumlah | D4: Item / Product / Service | E4: Invoice # | F4: Anggota Tim | G4: Catatan
A5: 43969 | B5: Smithers, Joe | C5: 4500 | D5: Product ABC | E5: 2342 | F5: Sally
A6: 43955 | B6: Anderson, Jane | C6: 2500 | D6: Installation | E6: 2343 | F6: Sam
A29: Sisipkan baris baru di atas garis abu-abu | G29: [42]

Sheet ContactDetails
A1: CONTACT DETAILS
A2: [Nama Perusahaan atau Nama Tim]
A4: Nama | B4: Perusahaan | C4: Fungsi Kerja | D4: Telepon Kantor | E4: Email Kerja | F4: Telepon seluler | G4: Email Pribadi | H4: Alamat | I4: Kota | J4: Zip | K4: Catatan
A5: Jameson, Bill | B5: XYZ Plumbing | C5: Owner | D5: 444-555-6666 | E5: xyz@plumber.com | F5: 111-111-1111 | G5: bjames@email.com | H5: 321 Somewhere Dr. | I5: Kotan | J5: 11111 | K5: Suka coklat
A6: Anderson, Jane | B6: ABC Corp | C6: Sales Manager | D6: 222-656-7890 | E6: busl@abccorp.com
A7: Smithers, Joe | B7: ACME | C7: Business Dev. | D7: 111-234-5678 | E7: acme@acme.com
A29: Sisipkan baris baru di atas garis abu-abu | K29: [42]

Sheet Team
A1: TEAM MEMBERS
A2: [Nama Perusahaan atau Nama Tim] | D2: Hasil
A3: Pemimpin Tim: [Nama] | C3: Dari: | D3: 43831
C4: Ke: | D4: 44196
A5: Nama Pencarian | B5: Nama lengkap | C5: Role | D5: Penjualan Total | E5: Kontak | F5: Catatan
A6: Sam | B6: Salesman, Sam | C6: Sales | D6: =SUMIFS(SalesLog!C:C,SalesLog!F:F,A6,SalesLog!A:A,">="&$D$3,SalesLog!A:A,"<="&$D$4) -> 2500 | E6: =COUNTIFS(ContactLog!E:E,A6,ContactLog!A:A,">="&$D$3,ContactLog!A:A,"<="&$D$4) -> 1
A7: Sally | B7: Leader, Sally | C7: Team Lead | D7: =SUMIFS(SalesLog!C:C,SalesLog!F:F,A7,SalesLog!A:A,">="&$D$3,SalesLog!A:A,"<="&$D$4) -> 4500 | E7: =COUNTIFS(ContactLog!E:E,A7,ContactLog!A:A,">="&$D$3,ContactLog!A:A,"<="&$D$4) -> 1
A8: Tim | B8: Tech, Tim | C8: Support | D8: =SUMIFS(SalesLog!C:C,SalesLog!F:F,A8,SalesLog!A:A,">="&$D$3,SalesLog!A:A,"<="&$D$4) -> 0 | E8: =COUNTIFS(ContactLog!E:E,A8,ContactLog!A:A,">="&$D$3,ContactLog!A:A,"<="&$D$4) -> 0
A23: Sisipkan baris baru di atas garis abu-abu | F23: [42]
A25: Catatan: Kolom Nama Pencarian digunakan untuk daftar turun bawah di lembar kerja CRM, SalesLog, dan ContactLog.

Sheet Pengaturan
A1: Status Lead | C1: Sumber Lead
A3: Active | C3: Email
A4: Won | C4: Facebook
A5: Loss | C5: LinkedIn | E5: Ubah sesuai kebutuhan
A6: ❄ Cold | C6: Referral
A7: ♨ Warm | C7: Website
A8: 🔥 Hot | C8: Newsletter
C9: Social

Sheet Bantuan
A1: Bantuan
A4: Tentang Template Ini:
B5: Fitur penting dari setiap sistem CRM adalah melacak komunikasi dengan pelanggan, merencanakan kontak tindak lanjut, memperbarui status prospek, menjadwalkan komunikasi di masa mendatang dengan pelanggan, dan melacak penjualan. Templat ini memberikan titik awal dan mudah disesuaikan. Ini mencakup beberapa lembar kerja opsional yang dapat Anda gunakan untuk menyimpan catatan yang lebih mendetail tentang aspek CRM ini.
B7: Google Sheets adalah alat kolaborasi tim yang hebat. Versi template CRM ini telah diperbarui untuk menyertakan lembar kerja Tim, tempat Anda dapat mencantumkan nama anggota tim Anda. Lembar kerja ContactLog dan SalesLog menyertakan kolom "Anggota Tim". Lembar kerja Tim menjumlahkan penjualan dari SalesLog untuk setiap anggota tim. Itu juga menghitung jumlah kontak dari Log Kontak.
A9: CRM Sheet
A10: Instruksi
A11: 1) | B11: Masukkan Nama, Perusahaan, Fungsi Kerja, Telepon dan Email untuk pelanggan Anda
A12: 2) | B12: Masukkan Sumber Utama untuk membantu Anda mengevaluasi keefektifan pemasaran Anda
A13: 3) | B13: Masukkan jumlah Estimasi Penjualan untuk membantu Anda mengevaluasi pentingnya penjualan
A14: 4) | B14: Saat kontak dibuat, masukkan tanggal di bidang Kontak Terakhir dan masukkan catatan menggunakan komentar sel atau lembar kerja Log Kontak opsional
A15: 5) | B15: Rencanakan kontak berikutnya dengan mencantumkan Tindakan Selanjutnya dan perbarui tanggal Kontak Berikutnya
A16: 6) | B16: Perbarui Status Prospek saat pelanggan kemungkinan besar akan menerima tawaran Anda
A18: Tips
A19: 1) | B19: Gunakan lembar kerja Pengaturan untuk mengedit apa yang muncul di daftar drop-down prospek dan sumber
A20: 2) | B20: Anda dapat menggunakan catatan sel untuk menyimpan blok teks yang besar
A21: 3) | B21: Pemformatan bersyarat digunakan untuk menyorot Kontak Terakhir dan Kontak Berikutnya hijau/kuning/merah tergantung pada nilai di bagian bawah lembar kerja
A22: 4) | B22: Jika menggunakan lembar kerja ContactDetails opsional, Anda dapat membuat rumus VLOOKUP atau INDEX(MATCH()) yang akan menarik alamat Perusahaan, Fungsi Kerja, Telepon, dan Email dari lembar kerja Detail Kontak.
A24: Lainnya (Opsional)
B25: ContactLog: Memberikan contoh tentang apa yang mungkin Anda gunakan untuk log kontak yang lebih mendetail. Anda dapat menyertakan catatan penting sebagai komentar sel di lembar kerja CRM utama jika tidak perlu menyimpan log mendetail ini.
B27: SalesLog: Dapat digunakan untuk menyimpan riwayat penjualan yang telah selesai.
B28: Jika Anda ingin melacak total penjualan untuk pelanggan tertentu, Anda dapat menggunakan rumus SUMIF pada lembar SalesLog.
B30: ContactDetails: Memungkinkan Anda menyimpan informasi kontak yang lebih rinci tentang klien Anda.
A32: Cara mencetak catatan CRM
A33: 1) | B33: Pilih tab lembar kerja yang ingin Anda cetak
A34: 2) | B34: Sembunyikan kolom yang tidak ingin Anda cetak
A35: 3) | B35: Buka File > Cetak
A36: 4) | B36: Setel Tata Letak ke "Sesuai dengan Lebar" dan "Lanskap"
